country;province;town_id;town;id;name;lang;street;latitude;longitude;link_to_shop;link_to_town;link_to_small_shop_image;link_to_big_shop_image;sample_discount_percentage;sample_discount_period
AT;Niederösterreich;4254;"Göstling an der Ybbs";3426;"Intersport Fahrnberger";de;"Göstling 51";47.807800;14.932671;https://www.alpinresorts.com/de/skiverleih/parameters/3426;https://www.alpinresorts.com/de/skiverleih/oesterreich/niederoesterreich/goestling-an-der-ybbs;https://www.alpinresorts.com/uploads/images/alpinshop/small/a/f/4/af413112c1ca1f6bfbff9e4ff4532dc04c18f517.jpg;https://www.alpinresorts.com/uploads/images/alpinshop/big/a/f/4/af413112c1ca1f6bfbff9e4ff4532dc04c18f517.jpg;0.17;2020-01-11
AT;"Lower Austria";4254;"Göstling an der Ybbs";3426;"Intersport Fahrnberger";en;"Göstling 51";47.807800;14.932671;https://www.alpinresorts.com/en/ski-rental/parameters/3426;https://www.alpinresorts.com/en/ski-rental/austria/lower-austria/goestling-an-der-ybbs;https://www.alpinresorts.com/uploads/images/alpinshop/small/a/f/4/af413112c1ca1f6bfbff9e4ff4532dc04c18f517.jpg;https://www.alpinresorts.com/uploads/images/alpinshop/big/a/f/4/af413112c1ca1f6bfbff9e4ff4532dc04c18f517.jpg;0.17;2020-01-11
AT;Basse-Autriche;4254;"Göstling an der Ybbs";3426;"Intersport Fahrnberger";fr;"Göstling 51";47.807800;14.932671;https://www.alpinresorts.com/fr/location-ski/parameters/3426;https://www.alpinresorts.com/fr/location-ski/autriche/basse-autriche/goestling-an-der-ybbs;https://www.alpinresorts.com/uploads/images/alpinshop/small/a/f/4/af413112c1ca1f6bfbff9e4ff4532dc04c18f517.jpg;https://www.alpinresorts.com/uploads/images/alpinshop/big/a/f/4/af413112c1ca1f6bfbff9e4ff4532dc04c18f517.jpg;0.17;2020-01-11
AT;"Bassa Austria";4254;"Göstling an der Ybbs";3426;"Intersport Fahrnberger";it;"Göstling 51";47.807800;14.932671;https://www.alpinresorts.com/it/noleggio-ski/parameters/3426;https://www.alpinresorts.com/it/noleggio-ski/austria/bassa-austria/goestling-an-der-ybbs;https://www.alpinresorts.com/uploads/images/alpinshop/small/a/f/4/af413112c1ca1f6bfbff9e4ff4532dc04c18f517.jpg;https://www.alpinresorts.com/uploads/images/alpinshop/big/a/f/4/af413112c1ca1f6bfbff9e4ff4532dc04c18f517.jpg;0.17;2020-01-11
AT;Neder-Oostenrijk;4254;"Göstling an der Ybbs";3426;"Intersport Fahrnberger";nl;"Göstling 51";47.807800;14.932671;https://www.alpinresorts.com/nl/skiverhuur/parameters/3426;https://www.alpinresorts.com/nl/skiverhuur/oostenrijk/neder-oostenrijk/goestling-an-der-ybbs;https://www.alpinresorts.com/uploads/images/alpinshop/small/a/f/4/af413112c1ca1f6bfbff9e4ff4532dc04c18f517.jpg;https://www.alpinresorts.com/uploads/images/alpinshop/big/a/f/4/af413112c1ca1f6bfbff9e4ff4532dc04c18f517.jpg;0.17;2020-01-11
AT;Niederösterreich;415;"Lackenhof / Ötscher";2030;"Skischule Ötscher";de;"Talstation (valley station) Eibenkogel";47.869999;15.155543;https://www.alpinresorts.com/de/skiverleih/parameters/2030;https://www.alpinresorts.com/de/skiverleih/oesterreich/niederoesterreich/lackenhof;https://www.alpinresorts.com/uploads/images/alpinshop/small/7/a/b/7abd88fa0721ed14fdcef97a73a731b6e3e6c139.jpg;https://www.alpinresorts.com/uploads/images/alpinshop/big/7/a/b/7abd88fa0721ed14fdcef97a73a731b6e3e6c139.jpg;0.17;2020-01-11
AT;"Lower Austria";415;"Lackenhof / Ötscher";2030;"Skischule Ötscher";en;"Talstation (valley station) Eibenkogel";47.869999;15.155543;https://www.alpinresorts.com/en/ski-rental/parameters/2030;https://www.alpinresorts.com/en/ski-rental/austria/lower-austria/lackenhof;https://www.alpinresorts.com/uploads/images/alpinshop/small/7/a/b/7abd88fa0721ed14fdcef97a73a731b6e3e6c139.jpg;https://www.alpinresorts.com/uploads/images/alpinshop/big/7/a/b/7abd88fa0721ed14fdcef97a73a731b6e3e6c139.jpg;0.17;2020-01-11
AT;Basse-Autriche;415;"Lackenhof / Ötscher";2030;"Skischule Ötscher";fr;"Talstation (valley station) Eibenkogel";47.869999;15.155543;https://www.alpinresorts.com/fr/location-ski/parameters/2030;https://www.alpinresorts.com/fr/location-ski/autriche/basse-autriche/lackenhof;https://www.alpinresorts.com/uploads/images/alpinshop/small/7/a/b/7abd88fa0721ed14fdcef97a73a731b6e3e6c139.jpg;https://www.alpinresorts.com/uploads/images/alpinshop/big/7/a/b/7abd88fa0721ed14fdcef97a73a731b6e3e6c139.jpg;0.17;2020-01-11
AT;"Bassa Austria";415;"Lackenhof / Ötscher";2030;"Skischule Ötscher";it;"Talstation (valley station) Eibenkogel";47.869999;15.155543;https://www.alpinresorts.com/it/noleggio-ski/parameters/2030;https://www.alpinresorts.com/it/noleggio-ski/austria/bassa-austria/lackenhof;https://www.alpinresorts.com/uploads/images/alpinshop/small/7/a/b/7abd88fa0721ed14fdcef97a73a731b6e3e6c139.jpg;https://www.alpinresorts.com/uploads/images/alpinshop/big/7/a/b/7abd88fa0721ed14fdcef97a73a731b6e3e6c139.jpg;0.17;2020-01-11
AT;Neder-Oostenrijk;415;"Lackenhof / Ötscher";2030;"Skischule Ötscher";nl;"Talstation (valley station) Eibenkogel";47.869999;15.155543;https://www.alpinresorts.com/nl/skiverhuur/parameters/2030;https://www.alpinresorts.com/nl/skiverhuur/oostenrijk/neder-oostenrijk/lackenhof;https://www.alpinresorts.com/uploads/images/alpinshop/small/7/a/b/7abd88fa0721ed14fdcef97a73a731b6e3e6c139.jpg;https://www.alpinresorts.com/uploads/images/alpinshop/big/7/a/b/7abd88fa0721ed14fdcef97a73a731b6e3e6c139.jpg;0.17;2020-01-11
AT;Niederösterreich;1;Semmering;13;"Verleih Semmering Passhöhe/Übungswiese";de;"Bundesstraße 2c, Übungslift Passhöhe Talstation (valley station)";47.632553;15.828563;https://www.alpinresorts.com/de/skiverleih/parameters/13;https://www.alpinresorts.com/de/skiverleih/oesterreich/niederoesterreich/semmering;https://www.alpinresorts.com/uploads/images/alpinshop/small/3/0/8/3082b59e6f002c90d98316228530c679e5e5126d.jpg;https://www.alpinresorts.com/uploads/images/alpinshop/big/3/0/8/3082b59e6f002c90d98316228530c679e5e5126d.jpg;0.17;2020-01-11
AT;"Lower Austria";1;Semmering;13;"Verleih Semmering Passhöhe/Übungswiese";en;"Bundesstraße 2c, Übungslift Passhöhe Talstation (valley station)";47.632553;15.828563;https://www.alpinresorts.com/en/ski-rental/parameters/13;https://www.alpinresorts.com/en/ski-rental/austria/lower-austria/semmering;https://www.alpinresorts.com/uploads/images/alpinshop/small/3/0/8/3082b59e6f002c90d98316228530c679e5e5126d.jpg;https://www.alpinresorts.com/uploads/images/alpinshop/big/3/0/8/3082b59e6f002c90d98316228530c679e5e5126d.jpg;0.17;2020-01-11
AT;Basse-Autriche;1;Semmering;13;"Verleih Semmering Passhöhe/Übungswiese";fr;"Bundesstraße 2c, Übungslift Passhöhe Talstation (valley station)";47.632553;15.828563;https://www.alpinresorts.com/fr/location-ski/parameters/13;https://www.alpinresorts.com/fr/location-ski/autriche/basse-autriche/semmering;https://www.alpinresorts.com/uploads/images/alpinshop/small/3/0/8/3082b59e6f002c90d98316228530c679e5e5126d.jpg;https://www.alpinresorts.com/uploads/images/alpinshop/big/3/0/8/3082b59e6f002c90d98316228530c679e5e5126d.jpg;0.17;2020-01-11
AT;"Bassa Austria";1;Semmering;13;"Verleih Semmering Passhöhe/Übungswiese";it;"Bundesstraße 2c, Übungslift Passhöhe Talstation (valley station)";47.632553;15.828563;https://www.alpinresorts.com/it/noleggio-ski/parameters/13;https://www.alpinresorts.com/it/noleggio-ski/austria/bassa-austria/semmering;https://www.alpinresorts.com/uploads/images/alpinshop/small/3/0/8/3082b59e6f002c90d98316228530c679e5e5126d.jpg;https://www.alpinresorts.com/uploads/images/alpinshop/big/3/0/8/3082b59e6f002c90d98316228530c679e5e5126d.jpg;0.17;2020-01-11
AT;Neder-Oostenrijk;1;Semmering;13;"Verleih Semmering Passhöhe/Übungswiese";nl;"Bundesstraße 2c, Übungslift Passhöhe Talstation (valley station)";47.632553;15.828563;https://www.alpinresorts.com/nl/skiverhuur/parameters/13;https://www.alpinresorts.com/nl/skiverhuur/oostenrijk/neder-oostenrijk/semmering;https://www.alpinresorts.com/uploads/images/alpinshop/small/3/0/8/3082b59e6f002c90d98316228530c679e5e5126d.jpg;https://www.alpinresorts.com/uploads/images/alpinshop/big/3/0/8/3082b59e6f002c90d98316228530c679e5e5126d.jpg;0.17;2020-01-11
AT;Niederösterreich;1;Semmering;14;"Verleih Zauberberg Kabinenbahn/Hirschenkogel";de;"Carolusstraße 3, Kabinenbahn Zauberberg Talstation (valley station)";47.631809;15.830334;https://www.alpinresorts.com/de/skiverleih/parameters/14;https://www.alpinresorts.com/de/skiverleih/oesterreich/niederoesterreich/semmering;https://www.alpinresorts.com/uploads/images/alpinshop/small/7/d/8/7d8af47e0b5b4e69e671181544bc9fac855ff9a8.jpg;https://www.alpinresorts.com/uploads/images/alpinshop/big/7/d/8/7d8af47e0b5b4e69e671181544bc9fac855ff9a8.jpg;0.17;2020-01-11
AT;"Lower Austria";1;Semmering;14;"Verleih Zauberberg Kabinenbahn/Hirschenkogel";en;"Carolusstraße 3, Kabinenbahn Zauberberg Talstation (valley station)";47.631809;15.830334;https://www.alpinresorts.com/en/ski-rental/parameters/14;https://www.alpinresorts.com/en/ski-rental/austria/lower-austria/semmering;https://www.alpinresorts.com/uploads/images/alpinshop/small/7/d/8/7d8af47e0b5b4e69e671181544bc9fac855ff9a8.jpg;https://www.alpinresorts.com/uploads/images/alpinshop/big/7/d/8/7d8af47e0b5b4e69e671181544bc9fac855ff9a8.jpg;0.17;2020-01-11
AT;Basse-Autriche;1;Semmering;14;"Verleih Zauberberg Kabinenbahn/Hirschenkogel";fr;"Carolusstraße 3, Kabinenbahn Zauberberg Talstation (valley station)";47.631809;15.830334;https://www.alpinresorts.com/fr/location-ski/parameters/14;https://www.alpinresorts.com/fr/location-ski/autriche/basse-autriche/semmering;https://www.alpinresorts.com/uploads/images/alpinshop/small/7/d/8/7d8af47e0b5b4e69e671181544bc9fac855ff9a8.jpg;https://www.alpinresorts.com/uploads/images/alpinshop/big/7/d/8/7d8af47e0b5b4e69e671181544bc9fac855ff9a8.jpg;0.17;2020-01-11
AT;"Bassa Austria";1;Semmering;14;"Verleih Zauberberg Kabinenbahn/Hirschenkogel";it;"Carolusstraße 3, Kabinenbahn Zauberberg Talstation (valley station)";47.631809;15.830334;https://www.alpinresorts.com/it/noleggio-ski/parameters/14;https://www.alpinresorts.com/it/noleggio-ski/austria/bassa-austria/semmering;https://www.alpinresorts.com/uploads/images/alpinshop/small/7/d/8/7d8af47e0b5b4e69e671181544bc9fac855ff9a8.jpg;https://www.alpinresorts.com/uploads/images/alpinshop/big/7/d/8/7d8af47e0b5b4e69e671181544bc9fac855ff9a8.jpg;0.17;2020-01-11
AT;Neder-Oostenrijk;1;Semmering;14;"Verleih Zauberberg Kabinenbahn/Hirschenkogel";nl;"Carolusstraße 3, Kabinenbahn Zauberberg Talstation (valley station)";47.631809;15.830334;https://www.alpinresorts.com/nl/skiverhuur/parameters/14;https://www.alpinresorts.com/nl/skiverhuur/oostenrijk/neder-oostenrijk/semmering;https://www.alpinresorts.com/uploads/images/alpinshop/small/7/d/8/7d8af47e0b5b4e69e671181544bc9fac855ff9a8.jpg;https://www.alpinresorts.com/uploads/images/alpinshop/big/7/d/8/7d8af47e0b5b4e69e671181544bc9fac855ff9a8.jpg;0.17;2020-01-11
AT;Niederösterreich;7;"St. Aegyd am Neuwalde";2451;"Sport 2000 Strametz";de;"Markt 11";47.853970;15.564891;https://www.alpinresorts.com/de/skiverleih/parameters/2451;https://www.alpinresorts.com/de/skiverleih/oesterreich/niederoesterreich/st-aegyd-am-neuwalde;https://www.alpinresorts.com/uploads/images/alpinshop/small/5/2/8/5284940e4bad70edb7cfc2dc6e362792a4c322b3.jpg;https://www.alpinresorts.com/uploads/images/alpinshop/big/5/2/8/5284940e4bad70edb7cfc2dc6e362792a4c322b3.jpg;0.17;2020-01-11
AT;"Lower Austria";7;"St. Aegyd am Neuwalde";2451;"Sport 2000 Strametz";en;"Markt 11";47.853970;15.564891;https://www.alpinresorts.com/en/ski-rental/parameters/2451;https://www.alpinresorts.com/en/ski-rental/austria/lower-austria/st-aegyd-am-neuwalde;https://www.alpinresorts.com/uploads/images/alpinshop/small/5/2/8/5284940e4bad70edb7cfc2dc6e362792a4c322b3.jpg;https://www.alpinresorts.com/uploads/images/alpinshop/big/5/2/8/5284940e4bad70edb7cfc2dc6e362792a4c322b3.jpg;0.17;2020-01-11
AT;Basse-Autriche;7;"St. Aegyd am Neuwalde";2451;"Sport 2000 Strametz";fr;"Markt 11";47.853970;15.564891;https://www.alpinresorts.com/fr/location-ski/parameters/2451;https://www.alpinresorts.com/fr/location-ski/autriche/basse-autriche/st-aegyd-am-neuwalde;https://www.alpinresorts.com/uploads/images/alpinshop/small/5/2/8/5284940e4bad70edb7cfc2dc6e362792a4c322b3.jpg;https://www.alpinresorts.com/uploads/images/alpinshop/big/5/2/8/5284940e4bad70edb7cfc2dc6e362792a4c322b3.jpg;0.17;2020-01-11
AT;"Bassa Austria";7;"St. Aegyd am Neuwalde";2451;"Sport 2000 Strametz";it;"Markt 11";47.853970;15.564891;https://www.alpinresorts.com/it/noleggio-ski/parameters/2451;https://www.alpinresorts.com/it/noleggio-ski/austria/bassa-austria/st-aegyd-am-neuwalde;https://www.alpinresorts.com/uploads/images/alpinshop/small/5/2/8/5284940e4bad70edb7cfc2dc6e362792a4c322b3.jpg;https://www.alpinresorts.com/uploads/images/alpinshop/big/5/2/8/5284940e4bad70edb7cfc2dc6e362792a4c322b3.jpg;0.17;2020-01-11
AT;Neder-Oostenrijk;7;"St. Aegyd am Neuwalde";2451;"Sport 2000 Strametz";nl;"Markt 11";47.853970;15.564891;https://www.alpinresorts.com/nl/skiverhuur/parameters/2451;https://www.alpinresorts.com/nl/skiverhuur/oostenrijk/neder-oostenrijk/st-aegyd-am-neuwalde;https://www.alpinresorts.com/uploads/images/alpinshop/small/5/2/8/5284940e4bad70edb7cfc2dc6e362792a4c322b3.jpg;https://www.alpinresorts.com/uploads/images/alpinshop/big/5/2/8/5284940e4bad70edb7cfc2dc6e362792a4c322b3.jpg;0.17;2020-01-11
AT;Niederösterreich;4;Traisen;2415;"Sport 2000 Strametz";de;"Mariazellerstraße 45";48.042973;15.609510;https://www.alpinresorts.com/de/skiverleih/parameters/2415;https://www.alpinresorts.com/de/skiverleih/oesterreich/niederoesterreich/traisen;https://www.alpinresorts.com/uploads/images/alpinshop/small/e/e/c/eecd8d9695888b5ac6f0ce1eeaa258ceb08fa2fe.jpg;https://www.alpinresorts.com/uploads/images/alpinshop/big/e/e/c/eecd8d9695888b5ac6f0ce1eeaa258ceb08fa2fe.jpg;0.17;2020-01-11
AT;"Lower Austria";4;Traisen;2415;"Sport 2000 Strametz";en;"Mariazellerstraße 45";48.042973;15.609510;https://www.alpinresorts.com/en/ski-rental/parameters/2415;https://www.alpinresorts.com/en/ski-rental/austria/lower-austria/traisen;https://www.alpinresorts.com/uploads/images/alpinshop/small/e/e/c/eecd8d9695888b5ac6f0ce1eeaa258ceb08fa2fe.jpg;https://www.alpinresorts.com/uploads/images/alpinshop/big/e/e/c/eecd8d9695888b5ac6f0ce1eeaa258ceb08fa2fe.jpg;0.17;2020-01-11
AT;Basse-Autriche;4;Traisen;2415;"Sport 2000 Strametz";fr;"Mariazellerstraße 45";48.042973;15.609510;https://www.alpinresorts.com/fr/location-ski/parameters/2415;https://www.alpinresorts.com/fr/location-ski/autriche/basse-autriche/traisen;https://www.alpinresorts.com/uploads/images/alpinshop/small/e/e/c/eecd8d9695888b5ac6f0ce1eeaa258ceb08fa2fe.jpg;https://www.alpinresorts.com/uploads/images/alpinshop/big/e/e/c/eecd8d9695888b5ac6f0ce1eeaa258ceb08fa2fe.jpg;0.17;2020-01-11
AT;"Bassa Austria";4;Traisen;2415;"Sport 2000 Strametz";it;"Mariazellerstraße 45";48.042973;15.609510;https://www.alpinresorts.com/it/noleggio-ski/parameters/2415;https://www.alpinresorts.com/it/noleggio-ski/austria/bassa-austria/traisen;https://www.alpinresorts.com/uploads/images/alpinshop/small/e/e/c/eecd8d9695888b5ac6f0ce1eeaa258ceb08fa2fe.jpg;https://www.alpinresorts.com/uploads/images/alpinshop/big/e/e/c/eecd8d9695888b5ac6f0ce1eeaa258ceb08fa2fe.jpg;0.17;2020-01-11
AT;Neder-Oostenrijk;4;Traisen;2415;"Sport 2000 Strametz";nl;"Mariazellerstraße 45";48.042973;15.609510;https://www.alpinresorts.com/nl/skiverhuur/parameters/2415;https://www.alpinresorts.com/nl/skiverhuur/oostenrijk/neder-oostenrijk/traisen;https://www.alpinresorts.com/uploads/images/alpinshop/small/e/e/c/eecd8d9695888b5ac6f0ce1eeaa258ceb08fa2fe.jpg;https://www.alpinresorts.com/uploads/images/alpinshop/big/e/e/c/eecd8d9695888b5ac6f0ce1eeaa258ceb08fa2fe.jpg;0.17;2020-01-11
AT;Steiermark;4027;"Bad Mitterndorf";2624;"Hubert Neuper";de;"Hauptstraße 293";47.554504;13.937690;https://www.alpinresorts.com/de/skiverleih/parameters/2624;https://www.alpinresorts.com/de/skiverleih/oesterreich/salzburg/bad-mitterndorf;https://www.alpinresorts.com/uploads/images/alpinshop/small/6/2/2/62232a72a804ec4f7d3da4acf96fae8b422e82f7.jpg;https://www.alpinresorts.com/uploads/images/alpinshop/big/6/2/2/62232a72a804ec4f7d3da4acf96fae8b422e82f7.jpg;0.17;2020-01-11
AT;Styria;4027;"Bad Mitterndorf";2624;"Hubert Neuper";en;"Hauptstraße 293";47.554504;13.937690;https://www.alpinresorts.com/en/ski-rental/parameters/2624;https://www.alpinresorts.com/en/ski-rental/austria/salzburg/bad-mitterndorf;https://www.alpinresorts.com/uploads/images/alpinshop/small/6/2/2/62232a72a804ec4f7d3da4acf96fae8b422e82f7.jpg;https://www.alpinresorts.com/uploads/images/alpinshop/big/6/2/2/62232a72a804ec4f7d3da4acf96fae8b422e82f7.jpg;0.17;2020-01-11
AT;Styrie;4027;"Bad Mitterndorf";2624;"Hubert Neuper";fr;"Hauptstraße 293";47.554504;13.937690;https://www.alpinresorts.com/fr/location-ski/parameters/2624;https://www.alpinresorts.com/fr/location-ski/autriche/salzbourg/bad-mitterndorf;https://www.alpinresorts.com/uploads/images/alpinshop/small/6/2/2/62232a72a804ec4f7d3da4acf96fae8b422e82f7.jpg;https://www.alpinresorts.com/uploads/images/alpinshop/big/6/2/2/62232a72a804ec4f7d3da4acf96fae8b422e82f7.jpg;0.17;2020-01-11
AT;Stiria;4027;"Bad Mitterndorf";2624;"Hubert Neuper";it;"Hauptstraße 293";47.554504;13.937690;https://www.alpinresorts.com/it/noleggio-ski/parameters/2624;https://www.alpinresorts.com/it/noleggio-ski/austria/salisburghese/bad-mitterndorf;https://www.alpinresorts.com/uploads/images/alpinshop/small/6/2/2/62232a72a804ec4f7d3da4acf96fae8b422e82f7.jpg;https://www.alpinresorts.com/uploads/images/alpinshop/big/6/2/2/62232a72a804ec4f7d3da4acf96fae8b422e82f7.jpg;0.17;2020-01-11
AT;Stiermarken;4027;"Bad Mitterndorf";2624;"Hubert Neuper";nl;"Hauptstraße 293";47.554504;13.937690;https://www.alpinresorts.com/nl/skiverhuur/parameters/2624;https://www.alpinresorts.com/nl/skiverhuur/oostenrijk/salzburg/bad-mitterndorf;https://www.alpinresorts.com/uploads/images/alpinshop/small/6/2/2/62232a72a804ec4f7d3da4acf96fae8b422e82f7.jpg;https://www.alpinresorts.com/uploads/images/alpinshop/big/6/2/2/62232a72a804ec4f7d3da4acf96fae8b422e82f7.jpg;0.17;2020-01-11
AT;Steiermark;4027;"Bad Mitterndorf";2627;"Hubert Neuper Mitterstein";de;"valley station/Talstation Gondelbahn Mitterstein";47.580029;13.976609;https://www.alpinresorts.com/de/skiverleih/parameters/2627;https://www.alpinresorts.com/de/skiverleih/oesterreich/salzburg/bad-mitterndorf;https://www.alpinresorts.com/uploads/images/alpinshop/small/e/d/9/ed9c73a313aa86866038b6180991dabd15cced22.jpg;https://www.alpinresorts.com/uploads/images/alpinshop/big/e/d/9/ed9c73a313aa86866038b6180991dabd15cced22.jpg;0.17;2020-01-11
AT;Styria;4027;"Bad Mitterndorf";2627;"Hubert Neuper Mitterstein";en;"valley station/Talstation Gondelbahn Mitterstein";47.580029;13.976609;https://www.alpinresorts.com/en/ski-rental/parameters/2627;https://www.alpinresorts.com/en/ski-rental/austria/salzburg/bad-mitterndorf;https://www.alpinresorts.com/uploads/images/alpinshop/small/e/d/9/ed9c73a313aa86866038b6180991dabd15cced22.jpg;https://www.alpinresorts.com/uploads/images/alpinshop/big/e/d/9/ed9c73a313aa86866038b6180991dabd15cced22.jpg;0.17;2020-01-11
AT;Styrie;4027;"Bad Mitterndorf";2627;"Hubert Neuper Mitterstein";fr;"valley station/Talstation Gondelbahn Mitterstein";47.580029;13.976609;https://www.alpinresorts.com/fr/location-ski/parameters/2627;https://www.alpinresorts.com/fr/location-ski/autriche/salzbourg/bad-mitterndorf;https://www.alpinresorts.com/uploads/images/alpinshop/small/e/d/9/ed9c73a313aa86866038b6180991dabd15cced22.jpg;https://www.alpinresorts.com/uploads/images/alpinshop/big/e/d/9/ed9c73a313aa86866038b6180991dabd15cced22.jpg;0.17;2020-01-11
AT;Stiria;4027;"Bad Mitterndorf";2627;"Hubert Neuper Mitterstein";it;"valley station/Talstation Gondelbahn Mitterstein";47.580029;13.976609;https://www.alpinresorts.com/it/noleggio-ski/parameters/2627;https://www.alpinresorts.com/it/noleggio-ski/austria/salisburghese/bad-mitterndorf;https://www.alpinresorts.com/uploads/images/alpinshop/small/e/d/9/ed9c73a313aa86866038b6180991dabd15cced22.jpg;https://www.alpinresorts.com/uploads/images/alpinshop/big/e/d/9/ed9c73a313aa86866038b6180991dabd15cced22.jpg;0.17;2020-01-11
AT;Stiermarken;4027;"Bad Mitterndorf";2627;"Hubert Neuper Mitterstein";nl;"valley station/Talstation Gondelbahn Mitterstein";47.580029;13.976609;https://www.alpinresorts.com/nl/skiverhuur/parameters/2627;https://www.alpinresorts.com/nl/skiverhuur/oostenrijk/salzburg/bad-mitterndorf;https://www.alpinresorts.com/uploads/images/alpinshop/small/e/d/9/ed9c73a313aa86866038b6180991dabd15cced22.jpg;https://www.alpinresorts.com/uploads/images/alpinshop/big/e/d/9/ed9c73a313aa86866038b6180991dabd15cced22.jpg;0.17;2020-01-11
AT;Steiermark;9;Donnersbach;53;"Sport 2000 Schöttl Donnersbach - Planneralm";de;"Planneralm 2, Plannereckbahn Parkplatz Talstation / valley station";47.406212;14.200866;https://www.alpinresorts.com/de/skiverleih/parameters/53;https://www.alpinresorts.com/de/skiverleih/oesterreich/steiermark/donnersbach;https://www.alpinresorts.com/uploads/images/alpinshop/small/4/5/9/4599a22eaa69a0165c02ce624afd59d12988d321.jpg;https://www.alpinresorts.com/uploads/images/alpinshop/big/4/5/9/4599a22eaa69a0165c02ce624afd59d12988d321.jpg;0.12;2020-01-11
AT;Styria;9;Donnersbach;53;"Sport 2000 Schöttl Donnersbach - Planneralm";en;"Planneralm 2, Plannereckbahn Parkplatz Talstation / valley station";47.406212;14.200866;https://www.alpinresorts.com/en/ski-rental/parameters/53;https://www.alpinresorts.com/en/ski-rental/austria/styria/donnersbach;https://www.alpinresorts.com/uploads/images/alpinshop/small/4/5/9/4599a22eaa69a0165c02ce624afd59d12988d321.jpg;https://www.alpinresorts.com/uploads/images/alpinshop/big/4/5/9/4599a22eaa69a0165c02ce624afd59d12988d321.jpg;0.12;2020-01-11
AT;Styrie;9;Donnersbach;53;"Sport 2000 Schöttl Donnersbach - Planneralm";fr;"Planneralm 2, Plannereckbahn Parkplatz Talstation / valley station";47.406212;14.200866;https://www.alpinresorts.com/fr/location-ski/parameters/53;https://www.alpinresorts.com/fr/location-ski/autriche/styrie/donnersbach;https://www.alpinresorts.com/uploads/images/alpinshop/small/4/5/9/4599a22eaa69a0165c02ce624afd59d12988d321.jpg;https://www.alpinresorts.com/uploads/images/alpinshop/big/4/5/9/4599a22eaa69a0165c02ce624afd59d12988d321.jpg;0.12;2020-01-11
AT;Stiria;9;Donnersbach;53;"Sport 2000 Schöttl Donnersbach - Planneralm";it;"Planneralm 2, Plannereckbahn Parkplatz Talstation / valley station";47.406212;14.200866;https://www.alpinresorts.com/it/noleggio-ski/parameters/53;https://www.alpinresorts.com/it/noleggio-ski/austria/stiria/donnersbach;https://www.alpinresorts.com/uploads/images/alpinshop/small/4/5/9/4599a22eaa69a0165c02ce624afd59d12988d321.jpg;https://www.alpinresorts.com/uploads/images/alpinshop/big/4/5/9/4599a22eaa69a0165c02ce624afd59d12988d321.jpg;0.12;2020-01-11
AT;Stiermarken;9;Donnersbach;53;"Sport 2000 Schöttl Donnersbach - Planneralm";nl;"Planneralm 2, Plannereckbahn Parkplatz Talstation / valley station";47.406212;14.200866;https://www.alpinresorts.com/nl/skiverhuur/parameters/53;https://www.alpinresorts.com/nl/skiverhuur/oostenrijk/stiermarken/donnersbach;https://www.alpinresorts.com/uploads/images/alpinshop/small/4/5/9/4599a22eaa69a0165c02ce624afd59d12988d321.jpg;https://www.alpinresorts.com/uploads/images/alpinshop/big/4/5/9/4599a22eaa69a0165c02ce624afd59d12988d321.jpg;0.12;2020-01-11
AT;Steiermark;8;Irdning;760;"Sport 2000 Schöttl Irdning-Tauplitz-Riesneralm";de;"Falkenburg 102 (nahe / near Riesneralm)";47.502495;14.097321;https://www.alpinresorts.com/de/skiverleih/parameters/760;https://www.alpinresorts.com/de/skiverleih/oesterreich/steiermark/irdning;https://www.alpinresorts.com/uploads/images/alpinshop/small/a/1/8/a1878deaca86c40e0879c2835ec9ab8f714adfc9.jpg;https://www.alpinresorts.com/uploads/images/alpinshop/big/a/1/8/a1878deaca86c40e0879c2835ec9ab8f714adfc9.jpg;0.12;2020-01-11
AT;Styria;8;Irdning;760;"Sport 2000 Schöttl Irdning-Tauplitz-Riesneralm";en;"Falkenburg 102 (nahe / near Riesneralm)";47.502495;14.097321;https://www.alpinresorts.com/en/ski-rental/parameters/760;https://www.alpinresorts.com/en/ski-rental/austria/styria/irdning;https://www.alpinresorts.com/uploads/images/alpinshop/small/a/1/8/a1878deaca86c40e0879c2835ec9ab8f714adfc9.jpg;https://www.alpinresorts.com/uploads/images/alpinshop/big/a/1/8/a1878deaca86c40e0879c2835ec9ab8f714adfc9.jpg;0.12;2020-01-11
AT;Styrie;8;Irdning;760;"Sport 2000 Schöttl Irdning-Tauplitz-Riesneralm";fr;"Falkenburg 102 (nahe / near Riesneralm)";47.502495;14.097321;https://www.alpinresorts.com/fr/location-ski/parameters/760;https://www.alpinresorts.com/fr/location-ski/autriche/styrie/irdning;https://www.alpinresorts.com/uploads/images/alpinshop/small/a/1/8/a1878deaca86c40e0879c2835ec9ab8f714adfc9.jpg;https://www.alpinresorts.com/uploads/images/alpinshop/big/a/1/8/a1878deaca86c40e0879c2835ec9ab8f714adfc9.jpg;0.12;2020-01-11
AT;Stiria;8;Irdning;760;"Sport 2000 Schöttl Irdning-Tauplitz-Riesneralm";it;"Falkenburg 102 (nahe / near Riesneralm)";47.502495;14.097321;https://www.alpinresorts.com/it/noleggio-ski/parameters/760;https://www.alpinresorts.com/it/noleggio-ski/austria/stiria/irdning;https://www.alpinresorts.com/uploads/images/alpinshop/small/a/1/8/a1878deaca86c40e0879c2835ec9ab8f714adfc9.jpg;https://www.alpinresorts.com/uploads/images/alpinshop/big/a/1/8/a1878deaca86c40e0879c2835ec9ab8f714adfc9.jpg;0.12;2020-01-11
AT;Stiermarken;8;Irdning;760;"Sport 2000 Schöttl Irdning-Tauplitz-Riesneralm";nl;"Falkenburg 102 (nahe / near Riesneralm)";47.502495;14.097321;https://www.alpinresorts.com/nl/skiverhuur/parameters/760;https://www.alpinresorts.com/nl/skiverhuur/oostenrijk/stiermarken/irdning;https://www.alpinresorts.com/uploads/images/alpinshop/small/a/1/8/a1878deaca86c40e0879c2835ec9ab8f714adfc9.jpg;https://www.alpinresorts.com/uploads/images/alpinshop/big/a/1/8/a1878deaca86c40e0879c2835ec9ab8f714adfc9.jpg;0.12;2020-01-11
AT;Steiermark;391;Mariazell;1668;"RUDY'SHCOOL - Mariazell";de;"Wienerstraße 30 - neben der Seilbahn/next to the lift";47.775181;15.317140;https://www.alpinresorts.com/de/skiverleih/parameters/1668;https://www.alpinresorts.com/de/skiverleih/oesterreich/steiermark/mariazell;https://www.alpinresorts.com/uploads/images/alpinshop/small/5/8/f/58feb6be0074af45b9f526da7e61eb056002aca3.jpg;https://www.alpinresorts.com/uploads/images/alpinshop/big/5/8/f/58feb6be0074af45b9f526da7e61eb056002aca3.jpg;0.17;2020-01-11
AT;Styria;391;Mariazell;1668;"RUDY'SHCOOL - Mariazell";en;"Wienerstraße 30 - neben der Seilbahn/next to the lift";47.775181;15.317140;https://www.alpinresorts.com/en/ski-rental/parameters/1668;https://www.alpinresorts.com/en/ski-rental/austria/styria/mariazell;https://www.alpinresorts.com/uploads/images/alpinshop/small/5/8/f/58feb6be0074af45b9f526da7e61eb056002aca3.jpg;https://www.alpinresorts.com/uploads/images/alpinshop/big/5/8/f/58feb6be0074af45b9f526da7e61eb056002aca3.jpg;0.17;2020-01-11
AT;Styrie;391;Mariazell;1668;"RUDY'SHCOOL - Mariazell";fr;"Wienerstraße 30 - neben der Seilbahn/next to the lift";47.775181;15.317140;https://www.alpinresorts.com/fr/location-ski/parameters/1668;https://www.alpinresorts.com/fr/location-ski/autriche/styrie/mariazell;https://www.alpinresorts.com/uploads/images/alpinshop/small/5/8/f/58feb6be0074af45b9f526da7e61eb056002aca3.jpg;https://www.alpinresorts.com/uploads/images/alpinshop/big/5/8/f/58feb6be0074af45b9f526da7e61eb056002aca3.jpg;0.17;2020-01-11
AT;Stiria;391;Mariazell;1668;"RUDY'SHCOOL - Mariazell";it;"Wienerstraße 30 - neben der Seilbahn/next to the lift";47.775181;15.317140;https://www.alpinresorts.com/it/noleggio-ski/parameters/1668;https://www.alpinresorts.com/it/noleggio-ski/austria/stiria/mariazell;https://www.alpinresorts.com/uploads/images/alpinshop/small/5/8/f/58feb6be0074af45b9f526da7e61eb056002aca3.jpg;https://www.alpinresorts.com/uploads/images/alpinshop/big/5/8/f/58feb6be0074af45b9f526da7e61eb056002aca3.jpg;0.17;2020-01-11
AT;Stiermarken;391;Mariazell;1668;"RUDY'SHCOOL - Mariazell";nl;"Wienerstraße 30 - neben der Seilbahn/next to the lift";47.775181;15.317140;https://www.alpinresorts.com/nl/skiverhuur/parameters/1668;https://www.alpinresorts.com/nl/skiverhuur/oostenrijk/stiermarken/mariazell;https://www.alpinresorts.com/uploads/images/alpinshop/small/5/8/f/58feb6be0074af45b9f526da7e61eb056002aca3.jpg;https://www.alpinresorts.com/uploads/images/alpinshop/big/5/8/f/58feb6be0074af45b9f526da7e61eb056002aca3.jpg;0.17;2020-01-11
AT;Steiermark;12;"Ramsau am Dachstein";2002;"Skiverleih Sport Pitzer - Ramsau Kulm";de;"Kulm 171 (neben Feuerwehrhaus / next to firefighters)";47.414932;13.675572;https://www.alpinresorts.com/de/skiverleih/parameters/2002;https://www.alpinresorts.com/de/skiverleih/oesterreich/steiermark/ramsau;https://www.alpinresorts.com/uploads/images/alpinshop/small/f/7/9/f79d1015f9ea9b4e65863362e550ab8db19feb83.jpg;https://www.alpinresorts.com/uploads/images/alpinshop/big/f/7/9/f79d1015f9ea9b4e65863362e550ab8db19feb83.jpg;0.17;2020-01-11
AT;Styria;12;"Ramsau am Dachstein";2002;"Skiverleih Sport Pitzer - Ramsau Kulm";en;"Kulm 171 (neben Feuerwehrhaus / next to firefighters)";47.414932;13.675572;https://www.alpinresorts.com/en/ski-rental/parameters/2002;https://www.alpinresorts.com/en/ski-rental/austria/styria/ramsau;https://www.alpinresorts.com/uploads/images/alpinshop/small/f/7/9/f79d1015f9ea9b4e65863362e550ab8db19feb83.jpg;https://www.alpinresorts.com/uploads/images/alpinshop/big/f/7/9/f79d1015f9ea9b4e65863362e550ab8db19feb83.jpg;0.17;2020-01-11
AT;Styrie;12;"Ramsau am Dachstein";2002;"Skiverleih Sport Pitzer - Ramsau Kulm";fr;"Kulm 171 (neben Feuerwehrhaus / next to firefighters)";47.414932;13.675572;https://www.alpinresorts.com/fr/location-ski/parameters/2002;https://www.alpinresorts.com/fr/location-ski/autriche/styrie/ramsau;https://www.alpinresorts.com/uploads/images/alpinshop/small/f/7/9/f79d1015f9ea9b4e65863362e550ab8db19feb83.jpg;https://www.alpinresorts.com/uploads/images/alpinshop/big/f/7/9/f79d1015f9ea9b4e65863362e550ab8db19feb83.jpg;0.17;2020-01-11
AT;Stiria;12;"Ramsau am Dachstein";2002;"Skiverleih Sport Pitzer - Ramsau Kulm";it;"Kulm 171 (neben Feuerwehrhaus / next to firefighters)";47.414932;13.675572;https://www.alpinresorts.com/it/noleggio-ski/parameters/2002;https://www.alpinresorts.com/it/noleggio-ski/austria/stiria/ramsau;https://www.alpinresorts.com/uploads/images/alpinshop/small/f/7/9/f79d1015f9ea9b4e65863362e550ab8db19feb83.jpg;https://www.alpinresorts.com/uploads/images/alpinshop/big/f/7/9/f79d1015f9ea9b4e65863362e550ab8db19feb83.jpg;0.17;2020-01-11
AT;Stiermarken;12;"Ramsau am Dachstein";2002;"Skiverleih Sport Pitzer - Ramsau Kulm";nl;"Kulm 171 (neben Feuerwehrhaus / next to firefighters)";47.414932;13.675572;https://www.alpinresorts.com/nl/skiverhuur/parameters/2002;https://www.alpinresorts.com/nl/skiverhuur/oostenrijk/stiermarken/ramsau;https://www.alpinresorts.com/uploads/images/alpinshop/small/f/7/9/f79d1015f9ea9b4e65863362e550ab8db19feb83.jpg;https://www.alpinresorts.com/uploads/images/alpinshop/big/f/7/9/f79d1015f9ea9b4e65863362e550ab8db19feb83.jpg;0.17;2020-01-11
AT;Steiermark;10;"Rohrmoos Untertal";1640;"Ski Lenz";de;"Rohrmoosstraße 215 (Erlebniswelt Rohrmoos)";47.383312;13.669282;https://www.alpinresorts.com/de/skiverleih/parameters/1640;https://www.alpinresorts.com/de/skiverleih/oesterreich/steiermark/rohrmoos;https://www.alpinresorts.com/uploads/images/alpinshop/small/5/a/6/5a68ceb8b7cd28bd89bbb020d8df1e97ea0d804d.jpg;https://www.alpinresorts.com/uploads/images/alpinshop/big/5/a/6/5a68ceb8b7cd28bd89bbb020d8df1e97ea0d804d.jpg;0.17;2020-01-11
AT;Styria;10;"Rohrmoos Untertal";1640;"Ski Lenz";en;"Rohrmoosstraße 215 (Erlebniswelt Rohrmoos)";47.383312;13.669282;https://www.alpinresorts.com/en/ski-rental/parameters/1640;https://www.alpinresorts.com/en/ski-rental/austria/styria/rohrmoos;https://www.alpinresorts.com/uploads/images/alpinshop/small/5/a/6/5a68ceb8b7cd28bd89bbb020d8df1e97ea0d804d.jpg;https://www.alpinresorts.com/uploads/images/alpinshop/big/5/a/6/5a68ceb8b7cd28bd89bbb020d8df1e97ea0d804d.jpg;0.17;2020-01-11
AT;Styrie;10;"Rohrmoos Untertal";1640;"Ski Lenz";fr;"Rohrmoosstraße 215 (Erlebniswelt Rohrmoos)";47.383312;13.669282;https://www.alpinresorts.com/fr/location-ski/parameters/1640;https://www.alpinresorts.com/fr/location-ski/autriche/styrie/rohrmoos;https://www.alpinresorts.com/uploads/images/alpinshop/small/5/a/6/5a68ceb8b7cd28bd89bbb020d8df1e97ea0d804d.jpg;https://www.alpinresorts.com/uploads/images/alpinshop/big/5/a/6/5a68ceb8b7cd28bd89bbb020d8df1e97ea0d804d.jpg;0.17;2020-01-11
AT;Stiria;10;"Rohrmoos Untertal";1640;"Ski Lenz";it;"Rohrmoosstraße 215 (Erlebniswelt Rohrmoos)";47.383312;13.669282;https://www.alpinresorts.com/it/noleggio-ski/parameters/1640;https://www.alpinresorts.com/it/noleggio-ski/austria/stiria/rohrmoos;https://www.alpinresorts.com/uploads/images/alpinshop/small/5/a/6/5a68ceb8b7cd28bd89bbb020d8df1e97ea0d804d.jpg;https://www.alpinresorts.com/uploads/images/alpinshop/big/5/a/6/5a68ceb8b7cd28bd89bbb020d8df1e97ea0d804d.jpg;0.17;2020-01-11
AT;Stiermarken;10;"Rohrmoos Untertal";1640;"Ski Lenz";nl;"Rohrmoosstraße 215 (Erlebniswelt Rohrmoos)";47.383312;13.669282;https://www.alpinresorts.com/nl/skiverhuur/parameters/1640;https://www.alpinresorts.com/nl/skiverhuur/oostenrijk/stiermarken/rohrmoos;https://www.alpinresorts.com/uploads/images/alpinshop/small/5/a/6/5a68ceb8b7cd28bd89bbb020d8df1e97ea0d804d.jpg;https://www.alpinresorts.com/uploads/images/alpinshop/big/5/a/6/5a68ceb8b7cd28bd89bbb020d8df1e97ea0d804d.jpg;0.17;2020-01-11
AT;Steiermark;10;"Rohrmoos Untertal";1641;"Ski Lenz";de;"Rohrmoosstraße 218 (Hochwurzenbahn Talstation / valley station)";47.375858;13.654320;https://www.alpinresorts.com/de/skiverleih/parameters/1641;https://www.alpinresorts.com/de/skiverleih/oesterreich/steiermark/rohrmoos;https://www.alpinresorts.com/uploads/images/alpinshop/small/d/f/8/df85e151a9870837288906059d3cda9e0b4b9815.jpg;https://www.alpinresorts.com/uploads/images/alpinshop/big/d/f/8/df85e151a9870837288906059d3cda9e0b4b9815.jpg;0.17;2020-01-11
AT;Styria;10;"Rohrmoos Untertal";1641;"Ski Lenz";en;"Rohrmoosstraße 218 (Hochwurzenbahn Talstation / valley station)";47.375858;13.654320;https://www.alpinresorts.com/en/ski-rental/parameters/1641;https://www.alpinresorts.com/en/ski-rental/austria/styria/rohrmoos;https://www.alpinresorts.com/uploads/images/alpinshop/small/d/f/8/df85e151a9870837288906059d3cda9e0b4b9815.jpg;https://www.alpinresorts.com/uploads/images/alpinshop/big/d/f/8/df85e151a9870837288906059d3cda9e0b4b9815.jpg;0.17;2020-01-11
AT;Styrie;10;"Rohrmoos Untertal";1641;"Ski Lenz";fr;"Rohrmoosstraße 218 (Hochwurzenbahn Talstation / valley station)";47.375858;13.654320;https://www.alpinresorts.com/fr/location-ski/parameters/1641;https://www.alpinresorts.com/fr/location-ski/autriche/styrie/rohrmoos;https://www.alpinresorts.com/uploads/images/alpinshop/small/d/f/8/df85e151a9870837288906059d3cda9e0b4b9815.jpg;https://www.alpinresorts.com/uploads/images/alpinshop/big/d/f/8/df85e151a9870837288906059d3cda9e0b4b9815.jpg;0.17;2020-01-11
AT;Stiria;10;"Rohrmoos Untertal";1641;"Ski Lenz";it;"Rohrmoosstraße 218 (Hochwurzenbahn Talstation / valley station)";47.375858;13.654320;https://www.alpinresorts.com/it/noleggio-ski/parameters/1641;https://www.alpinresorts.com/it/noleggio-ski/austria/stiria/rohrmoos;https://www.alpinresorts.com/uploads/images/alpinshop/small/d/f/8/df85e151a9870837288906059d3cda9e0b4b9815.jpg;https://www.alpinresorts.com/uploads/images/alpinshop/big/d/f/8/df85e151a9870837288906059d3cda9e0b4b9815.jpg;0.17;2020-01-11
AT;Stiermarken;10;"Rohrmoos Untertal";1641;"Ski Lenz";nl;"Rohrmoosstraße 218 (Hochwurzenbahn Talstation / valley station)";47.375858;13.654320;https://www.alpinresorts.com/nl/skiverhuur/parameters/1641;https://www.alpinresorts.com/nl/skiverhuur/oostenrijk/stiermarken/rohrmoos;https://www.alpinresorts.com/uploads/images/alpinshop/small/d/f/8/df85e151a9870837288906059d3cda9e0b4b9815.jpg;https://www.alpinresorts.com/uploads/images/alpinshop/big/d/f/8/df85e151a9870837288906059d3cda9e0b4b9815.jpg;0.17;2020-01-11
AT;Steiermark;10;"Rohrmoos Untertal";58;"Sport Tritscher";de;"Rohrmoosstrasse 134";47.383450;13.669743;https://www.alpinresorts.com/de/skiverleih/parameters/58;https://www.alpinresorts.com/de/skiverleih/oesterreich/steiermark/rohrmoos;https://www.alpinresorts.com/uploads/images/alpinshop/small/8/9/a/89ae132fab77d8761be76aeaaef2aefe7c3908f7.jpg;https://www.alpinresorts.com/uploads/images/alpinshop/big/8/9/a/89ae132fab77d8761be76aeaaef2aefe7c3908f7.jpg;0.17;2020-01-11
AT;Styria;10;"Rohrmoos Untertal";58;"Sport Tritscher";en;"Rohrmoosstrasse 134";47.383450;13.669743;https://www.alpinresorts.com/en/ski-rental/parameters/58;https://www.alpinresorts.com/en/ski-rental/austria/styria/rohrmoos;https://www.alpinresorts.com/uploads/images/alpinshop/small/8/9/a/89ae132fab77d8761be76aeaaef2aefe7c3908f7.jpg;https://www.alpinresorts.com/uploads/images/alpinshop/big/8/9/a/89ae132fab77d8761be76aeaaef2aefe7c3908f7.jpg;0.17;2020-01-11
AT;Styrie;10;"Rohrmoos Untertal";58;"Sport Tritscher";fr;"Rohrmoosstrasse 134";47.383450;13.669743;https://www.alpinresorts.com/fr/location-ski/parameters/58;https://www.alpinresorts.com/fr/location-ski/autriche/styrie/rohrmoos;https://www.alpinresorts.com/uploads/images/alpinshop/small/8/9/a/89ae132fab77d8761be76aeaaef2aefe7c3908f7.jpg;https://www.alpinresorts.com/uploads/images/alpinshop/big/8/9/a/89ae132fab77d8761be76aeaaef2aefe7c3908f7.jpg;0.17;2020-01-11
AT;Stiria;10;"Rohrmoos Untertal";58;"Sport Tritscher";it;"Rohrmoosstrasse 134";47.383450;13.669743;https://www.alpinresorts.com/it/noleggio-ski/parameters/58;https://www.alpinresorts.com/it/noleggio-ski/austria/stiria/rohrmoos;https://www.alpinresorts.com/uploads/images/alpinshop/small/8/9/a/89ae132fab77d8761be76aeaaef2aefe7c3908f7.jpg;https://www.alpinresorts.com/uploads/images/alpinshop/big/8/9/a/89ae132fab77d8761be76aeaaef2aefe7c3908f7.jpg;0.17;2020-01-11
AT;Stiermarken;10;"Rohrmoos Untertal";58;"Sport Tritscher";nl;"Rohrmoosstrasse 134";47.383450;13.669743;https://www.alpinresorts.com/nl/skiverhuur/parameters/58;https://www.alpinresorts.com/nl/skiverhuur/oostenrijk/stiermarken/rohrmoos;https://www.alpinresorts.com/uploads/images/alpinshop/small/8/9/a/89ae132fab77d8761be76aeaaef2aefe7c3908f7.jpg;https://www.alpinresorts.com/uploads/images/alpinshop/big/8/9/a/89ae132fab77d8761be76aeaaef2aefe7c3908f7.jpg;0.17;2020-01-11
AT;Steiermark;11;Schladming;3537;"Hervis Schladming";de;"Erzherzog-Johann-Straße 779";47.393944;13.687419;https://www.alpinresorts.com/de/skiverleih/parameters/3537;https://www.alpinresorts.com/de/skiverleih/oesterreich/steiermark/schladming;https://www.alpinresorts.com/uploads/images/alpinshop/small/c/6/6/c667bb7fced8b54683d4047046f838df8f4efff5.jpg;https://www.alpinresorts.com/uploads/images/alpinshop/big/c/6/6/c667bb7fced8b54683d4047046f838df8f4efff5.jpg;0.3;2020-01-11
AT;Styria;11;Schladming;3537;"Hervis Schladming";en;"Erzherzog-Johann-Straße 779";47.393944;13.687419;https://www.alpinresorts.com/en/ski-rental/parameters/3537;https://www.alpinresorts.com/en/ski-rental/austria/styria/schladming;https://www.alpinresorts.com/uploads/images/alpinshop/small/c/6/6/c667bb7fced8b54683d4047046f838df8f4efff5.jpg;https://www.alpinresorts.com/uploads/images/alpinshop/big/c/6/6/c667bb7fced8b54683d4047046f838df8f4efff5.jpg;0.3;2020-01-11
AT;Styrie;11;Schladming;3537;"Hervis Schladming";fr;"Erzherzog-Johann-Straße 779";47.393944;13.687419;https://www.alpinresorts.com/fr/location-ski/parameters/3537;https://www.alpinresorts.com/fr/location-ski/autriche/styrie/schladming;https://www.alpinresorts.com/uploads/images/alpinshop/small/c/6/6/c667bb7fced8b54683d4047046f838df8f4efff5.jpg;https://www.alpinresorts.com/uploads/images/alpinshop/big/c/6/6/c667bb7fced8b54683d4047046f838df8f4efff5.jpg;0.3;2020-01-11
AT;Stiria;11;Schladming;3537;"Hervis Schladming";it;"Erzherzog-Johann-Straße 779";47.393944;13.687419;https://www.alpinresorts.com/it/noleggio-ski/parameters/3537;https://www.alpinresorts.com/it/noleggio-ski/austria/stiria/schladming;https://www.alpinresorts.com/uploads/images/alpinshop/small/c/6/6/c667bb7fced8b54683d4047046f838df8f4efff5.jpg;https://www.alpinresorts.com/uploads/images/alpinshop/big/c/6/6/c667bb7fced8b54683d4047046f838df8f4efff5.jpg;0.3;2020-01-11
AT;Stiermarken;11;Schladming;3537;"Hervis Schladming";nl;"Erzherzog-Johann-Straße 779";47.393944;13.687419;https://www.alpinresorts.com/nl/skiverhuur/parameters/3537;https://www.alpinresorts.com/nl/skiverhuur/oostenrijk/stiermarken/schladming;https://www.alpinresorts.com/uploads/images/alpinshop/small/c/6/6/c667bb7fced8b54683d4047046f838df8f4efff5.jpg;https://www.alpinresorts.com/uploads/images/alpinshop/big/c/6/6/c667bb7fced8b54683d4047046f838df8f4efff5.jpg;0.3;2020-01-11
AT;Steiermark;11;Schladming;1941;"Sport 2000 Rankl";de;"Coburgstraße 53 (gegenüber Talstation/opposite valley station Planai)";47.393261;13.692490;https://www.alpinresorts.com/de/skiverleih/parameters/1941;https://www.alpinresorts.com/de/skiverleih/oesterreich/steiermark/schladming;https://www.alpinresorts.com/uploads/images/alpinshop/small/a/2/a/a2a0e90605a8b543e2e5f337edb751141c522bfb.jpg;https://www.alpinresorts.com/uploads/images/alpinshop/big/a/2/a/a2a0e90605a8b543e2e5f337edb751141c522bfb.jpg;0.145;2020-01-11
AT;Styria;11;Schladming;1941;"Sport 2000 Rankl";en;"Coburgstraße 53 (gegenüber Talstation/opposite valley station Planai)";47.393261;13.692490;https://www.alpinresorts.com/en/ski-rental/parameters/1941;https://www.alpinresorts.com/en/ski-rental/austria/styria/schladming;https://www.alpinresorts.com/uploads/images/alpinshop/small/a/2/a/a2a0e90605a8b543e2e5f337edb751141c522bfb.jpg;https://www.alpinresorts.com/uploads/images/alpinshop/big/a/2/a/a2a0e90605a8b543e2e5f337edb751141c522bfb.jpg;0.145;2020-01-11
AT;Styrie;11;Schladming;1941;"Sport 2000 Rankl";fr;"Coburgstraße 53 (gegenüber Talstation/opposite valley station Planai)";47.393261;13.692490;https://www.alpinresorts.com/fr/location-ski/parameters/1941;https://www.alpinresorts.com/fr/location-ski/autriche/styrie/schladming;https://www.alpinresorts.com/uploads/images/alpinshop/small/a/2/a/a2a0e90605a8b543e2e5f337edb751141c522bfb.jpg;https://www.alpinresorts.com/uploads/images/alpinshop/big/a/2/a/a2a0e90605a8b543e2e5f337edb751141c522bfb.jpg;0.145;2020-01-11
AT;Stiria;11;Schladming;1941;"Sport 2000 Rankl";it;"Coburgstraße 53 (gegenüber Talstation/opposite valley station Planai)";47.393261;13.692490;https://www.alpinresorts.com/it/noleggio-ski/parameters/1941;https://www.alpinresorts.com/it/noleggio-ski/austria/stiria/schladming;https://www.alpinresorts.com/uploads/images/alpinshop/small/a/2/a/a2a0e90605a8b543e2e5f337edb751141c522bfb.jpg;https://www.alpinresorts.com/uploads/images/alpinshop/big/a/2/a/a2a0e90605a8b543e2e5f337edb751141c522bfb.jpg;0.145;2020-01-11
AT;Stiermarken;11;Schladming;1941;"Sport 2000 Rankl";nl;"Coburgstraße 53 (gegenüber Talstation/opposite valley station Planai)";47.393261;13.692490;https://www.alpinresorts.com/nl/skiverhuur/parameters/1941;https://www.alpinresorts.com/nl/skiverhuur/oostenrijk/stiermarken/schladming;https://www.alpinresorts.com/uploads/images/alpinshop/small/a/2/a/a2a0e90605a8b543e2e5f337edb751141c522bfb.jpg;https://www.alpinresorts.com/uploads/images/alpinshop/big/a/2/a/a2a0e90605a8b543e2e5f337edb751141c522bfb.jpg;0.145;2020-01-11
AT;Steiermark;11;Schladming;60;"Sport Tritscher";de;"Planai Olympic, Coburgstrasse 707";47.392731;13.692374;https://www.alpinresorts.com/de/skiverleih/parameters/60;https://www.alpinresorts.com/de/skiverleih/oesterreich/steiermark/schladming;https://www.alpinresorts.com/uploads/images/alpinshop/small/f/8/1/f811690892cac1b530021d1e507d5a1edc7b5d4d.jpg;https://www.alpinresorts.com/uploads/images/alpinshop/big/f/8/1/f811690892cac1b530021d1e507d5a1edc7b5d4d.jpg;0.17;2020-01-11
AT;Styria;11;Schladming;60;"Sport Tritscher";en;"Planai Olympic, Coburgstrasse 707";47.392731;13.692374;https://www.alpinresorts.com/en/ski-rental/parameters/60;https://www.alpinresorts.com/en/ski-rental/austria/styria/schladming;https://www.alpinresorts.com/uploads/images/alpinshop/small/f/8/1/f811690892cac1b530021d1e507d5a1edc7b5d4d.jpg;https://www.alpinresorts.com/uploads/images/alpinshop/big/f/8/1/f811690892cac1b530021d1e507d5a1edc7b5d4d.jpg;0.17;2020-01-11
AT;Styrie;11;Schladming;60;"Sport Tritscher";fr;"Planai Olympic, Coburgstrasse 707";47.392731;13.692374;https://www.alpinresorts.com/fr/location-ski/parameters/60;https://www.alpinresorts.com/fr/location-ski/autriche/styrie/schladming;https://www.alpinresorts.com/uploads/images/alpinshop/small/f/8/1/f811690892cac1b530021d1e507d5a1edc7b5d4d.jpg;https://www.alpinresorts.com/uploads/images/alpinshop/big/f/8/1/f811690892cac1b530021d1e507d5a1edc7b5d4d.jpg;0.17;2020-01-11
AT;Stiria;11;Schladming;60;"Sport Tritscher";it;"Planai Olympic, Coburgstrasse 707";47.392731;13.692374;https://www.alpinresorts.com/it/noleggio-ski/parameters/60;https://www.alpinresorts.com/it/noleggio-ski/austria/stiria/schladming;https://www.alpinresorts.com/uploads/images/alpinshop/small/f/8/1/f811690892cac1b530021d1e507d5a1edc7b5d4d.jpg;https://www.alpinresorts.com/uploads/images/alpinshop/big/f/8/1/f811690892cac1b530021d1e507d5a1edc7b5d4d.jpg;0.17;2020-01-11
AT;Stiermarken;11;Schladming;60;"Sport Tritscher";nl;"Planai Olympic, Coburgstrasse 707";47.392731;13.692374;https://www.alpinresorts.com/nl/skiverhuur/parameters/60;https://www.alpinresorts.com/nl/skiverhuur/oostenrijk/stiermarken/schladming;https://www.alpinresorts.com/uploads/images/alpinshop/small/f/8/1/f811690892cac1b530021d1e507d5a1edc7b5d4d.jpg;https://www.alpinresorts.com/uploads/images/alpinshop/big/f/8/1/f811690892cac1b530021d1e507d5a1edc7b5d4d.jpg;0.17;2020-01-11
AT;Steiermark;11;Schladming;1208;"Sport Tritscher";de;"Planai-West, Golden-Jet";47.390396;13.677797;https://www.alpinresorts.com/de/skiverleih/parameters/1208;https://www.alpinresorts.com/de/skiverleih/oesterreich/steiermark/schladming;https://www.alpinresorts.com/uploads/images/alpinshop/small/0/e/8/0e8c7dc15b7796b6ab5496437b073d435b093576.jpg;https://www.alpinresorts.com/uploads/images/alpinshop/big/0/e/8/0e8c7dc15b7796b6ab5496437b073d435b093576.jpg;0.17;2020-01-11
AT;Styria;11;Schladming;1208;"Sport Tritscher";en;"Planai-West, Golden-Jet";47.390396;13.677797;https://www.alpinresorts.com/en/ski-rental/parameters/1208;https://www.alpinresorts.com/en/ski-rental/austria/styria/schladming;https://www.alpinresorts.com/uploads/images/alpinshop/small/0/e/8/0e8c7dc15b7796b6ab5496437b073d435b093576.jpg;https://www.alpinresorts.com/uploads/images/alpinshop/big/0/e/8/0e8c7dc15b7796b6ab5496437b073d435b093576.jpg;0.17;2020-01-11
AT;Styrie;11;Schladming;1208;"Sport Tritscher";fr;"Planai-West, Golden-Jet";47.390396;13.677797;https://www.alpinresorts.com/fr/location-ski/parameters/1208;https://www.alpinresorts.com/fr/location-ski/autriche/styrie/schladming;https://www.alpinresorts.com/uploads/images/alpinshop/small/0/e/8/0e8c7dc15b7796b6ab5496437b073d435b093576.jpg;https://www.alpinresorts.com/uploads/images/alpinshop/big/0/e/8/0e8c7dc15b7796b6ab5496437b073d435b093576.jpg;0.17;2020-01-11
AT;Stiria;11;Schladming;1208;"Sport Tritscher";it;"Planai-West, Golden-Jet";47.390396;13.677797;https://www.alpinresorts.com/it/noleggio-ski/parameters/1208;https://www.alpinresorts.com/it/noleggio-ski/austria/stiria/schladming;https://www.alpinresorts.com/uploads/images/alpinshop/small/0/e/8/0e8c7dc15b7796b6ab5496437b073d435b093576.jpg;https://www.alpinresorts.com/uploads/images/alpinshop/big/0/e/8/0e8c7dc15b7796b6ab5496437b073d435b093576.jpg;0.17;2020-01-11
AT;Stiermarken;11;Schladming;1208;"Sport Tritscher";nl;"Planai-West, Golden-Jet";47.390396;13.677797;https://www.alpinresorts.com/nl/skiverhuur/parameters/1208;https://www.alpinresorts.com/nl/skiverhuur/oostenrijk/stiermarken/schladming;https://www.alpinresorts.com/uploads/images/alpinshop/small/0/e/8/0e8c7dc15b7796b6ab5496437b073d435b093576.jpg;https://www.alpinresorts.com/uploads/images/alpinshop/big/0/e/8/0e8c7dc15b7796b6ab5496437b073d435b093576.jpg;0.17;2020-01-11
AT;Steiermark;11;Schladming;1713;"Sport Tritscher";de;"Salzburgerstraße 24 (beim Stadttor/at the city gate)";47.391636;13.686999;https://www.alpinresorts.com/de/skiverleih/parameters/1713;https://www.alpinresorts.com/de/skiverleih/oesterreich/steiermark/schladming;https://www.alpinresorts.com/uploads/images/alpinshop/small/8/8/6/88656f81cb2cb88e5bf449b06da9bcd2254b803a.jpg;https://www.alpinresorts.com/uploads/images/alpinshop/big/8/8/6/88656f81cb2cb88e5bf449b06da9bcd2254b803a.jpg;0.17;2020-01-11
AT;Styria;11;Schladming;1713;"Sport Tritscher";en;"Salzburgerstraße 24 (beim Stadttor/at the city gate)";47.391636;13.686999;https://www.alpinresorts.com/en/ski-rental/parameters/1713;https://www.alpinresorts.com/en/ski-rental/austria/styria/schladming;https://www.alpinresorts.com/uploads/images/alpinshop/small/8/8/6/88656f81cb2cb88e5bf449b06da9bcd2254b803a.jpg;https://www.alpinresorts.com/uploads/images/alpinshop/big/8/8/6/88656f81cb2cb88e5bf449b06da9bcd2254b803a.jpg;0.17;2020-01-11
AT;Styrie;11;Schladming;1713;"Sport Tritscher";fr;"Salzburgerstraße 24 (beim Stadttor/at the city gate)";47.391636;13.686999;https://www.alpinresorts.com/fr/location-ski/parameters/1713;https://www.alpinresorts.com/fr/location-ski/autriche/styrie/schladming;https://www.alpinresorts.com/uploads/images/alpinshop/small/8/8/6/88656f81cb2cb88e5bf449b06da9bcd2254b803a.jpg;https://www.alpinresorts.com/uploads/images/alpinshop/big/8/8/6/88656f81cb2cb88e5bf449b06da9bcd2254b803a.jpg;0.17;2020-01-11
AT;Stiria;11;Schladming;1713;"Sport Tritscher";it;"Salzburgerstraße 24 (beim Stadttor/at the city gate)";47.391636;13.686999;https://www.alpinresorts.com/it/noleggio-ski/parameters/1713;https://www.alpinresorts.com/it/noleggio-ski/austria/stiria/schladming;https://www.alpinresorts.com/uploads/images/alpinshop/small/8/8/6/88656f81cb2cb88e5bf449b06da9bcd2254b803a.jpg;https://www.alpinresorts.com/uploads/images/alpinshop/big/8/8/6/88656f81cb2cb88e5bf449b06da9bcd2254b803a.jpg;0.17;2020-01-11
AT;Stiermarken;11;Schladming;1713;"Sport Tritscher";nl;"Salzburgerstraße 24 (beim Stadttor/at the city gate)";47.391636;13.686999;https://www.alpinresorts.com/nl/skiverhuur/parameters/1713;https://www.alpinresorts.com/nl/skiverhuur/oostenrijk/stiermarken/schladming;https://www.alpinresorts.com/uploads/images/alpinshop/small/8/8/6/88656f81cb2cb88e5bf449b06da9bcd2254b803a.jpg;https://www.alpinresorts.com/uploads/images/alpinshop/big/8/8/6/88656f81cb2cb88e5bf449b06da9bcd2254b803a.jpg;0.17;2020-01-11
AT;Steiermark;4024;"Spital am Semmering";2583;"Schneesport Taberhofer";de;"Kaltenbachstraße 10b";47.609886;15.757872;https://www.alpinresorts.com/de/skiverleih/parameters/2583;https://www.alpinresorts.com/de/skiverleih/oesterreich/steiermark/spital-am-semmering;https://www.alpinresorts.com/uploads/images/alpinshop/small/e/a/9/ea9b5121499b780c5833abb83fe019e6d2717eb2.jpg;https://www.alpinresorts.com/uploads/images/alpinshop/big/e/a/9/ea9b5121499b780c5833abb83fe019e6d2717eb2.jpg;0.17;2020-01-11
AT;Styria;4024;"Spital am Semmering";2583;"Schneesport Taberhofer";en;"Kaltenbachstraße 10b";47.609886;15.757872;https://www.alpinresorts.com/en/ski-rental/parameters/2583;https://www.alpinresorts.com/en/ski-rental/austria/styria/spital-am-semmering;https://www.alpinresorts.com/uploads/images/alpinshop/small/e/a/9/ea9b5121499b780c5833abb83fe019e6d2717eb2.jpg;https://www.alpinresorts.com/uploads/images/alpinshop/big/e/a/9/ea9b5121499b780c5833abb83fe019e6d2717eb2.jpg;0.17;2020-01-11
AT;Styrie;4024;"Spital am Semmering";2583;"Schneesport Taberhofer";fr;"Kaltenbachstraße 10b";47.609886;15.757872;https://www.alpinresorts.com/fr/location-ski/parameters/2583;https://www.alpinresorts.com/fr/location-ski/autriche/styrie/spital-am-semmering;https://www.alpinresorts.com/uploads/images/alpinshop/small/e/a/9/ea9b5121499b780c5833abb83fe019e6d2717eb2.jpg;https://www.alpinresorts.com/uploads/images/alpinshop/big/e/a/9/ea9b5121499b780c5833abb83fe019e6d2717eb2.jpg;0.17;2020-01-11
AT;Stiria;4024;"Spital am Semmering";2583;"Schneesport Taberhofer";it;"Kaltenbachstraße 10b";47.609886;15.757872;https://www.alpinresorts.com/it/noleggio-ski/parameters/2583;https://www.alpinresorts.com/it/noleggio-ski/austria/stiria/spital-am-semmering;https://www.alpinresorts.com/uploads/images/alpinshop/small/e/a/9/ea9b5121499b780c5833abb83fe019e6d2717eb2.jpg;https://www.alpinresorts.com/uploads/images/alpinshop/big/e/a/9/ea9b5121499b780c5833abb83fe019e6d2717eb2.jpg;0.17;2020-01-11
AT;Stiermarken;4024;"Spital am Semmering";2583;"Schneesport Taberhofer";nl;"Kaltenbachstraße 10b";47.609886;15.757872;https://www.alpinresorts.com/nl/skiverhuur/parameters/2583;https://www.alpinresorts.com/nl/skiverhuur/oostenrijk/stiermarken/spital-am-semmering;https://www.alpinresorts.com/uploads/images/alpinshop/small/e/a/9/ea9b5121499b780c5833abb83fe019e6d2717eb2.jpg;https://www.alpinresorts.com/uploads/images/alpinshop/big/e/a/9/ea9b5121499b780c5833abb83fe019e6d2717eb2.jpg;0.17;2020-01-11
AT;Steiermark;3982;"St. Georgen ob Murau (Kreischberg)";1858;"Sport Suli";de;"St. Lorenzen 31";47.096668;14.091220;https://www.alpinresorts.com/de/skiverleih/parameters/1858;https://www.alpinresorts.com/de/skiverleih/oesterreich/steiermark/st-georgen-ob-murau-kreischberg;https://www.alpinresorts.com/uploads/images/alpinshop/small/6/b/1/6b1ea2f6441526ada0e67679bb087f736851c0d3.jpg;https://www.alpinresorts.com/uploads/images/alpinshop/big/6/b/1/6b1ea2f6441526ada0e67679bb087f736851c0d3.jpg;0.17;2020-01-11
AT;Styria;3982;"St. Georgen ob Murau (Kreischberg)";1858;"Sport Suli";en;"St. Lorenzen 31";47.096668;14.091220;https://www.alpinresorts.com/en/ski-rental/parameters/1858;https://www.alpinresorts.com/en/ski-rental/austria/styria/st-georgen-ob-murau-kreischberg;https://www.alpinresorts.com/uploads/images/alpinshop/small/6/b/1/6b1ea2f6441526ada0e67679bb087f736851c0d3.jpg;https://www.alpinresorts.com/uploads/images/alpinshop/big/6/b/1/6b1ea2f6441526ada0e67679bb087f736851c0d3.jpg;0.17;2020-01-11
AT;Styrie;3982;"St. Georgen ob Murau (Kreischberg)";1858;"Sport Suli";fr;"St. Lorenzen 31";47.096668;14.091220;https://www.alpinresorts.com/fr/location-ski/parameters/1858;https://www.alpinresorts.com/fr/location-ski/autriche/styrie/st-georgen-ob-murau-kreischberg;https://www.alpinresorts.com/uploads/images/alpinshop/small/6/b/1/6b1ea2f6441526ada0e67679bb087f736851c0d3.jpg;https://www.alpinresorts.com/uploads/images/alpinshop/big/6/b/1/6b1ea2f6441526ada0e67679bb087f736851c0d3.jpg;0.17;2020-01-11
AT;Stiria;3982;"St. Georgen ob Murau (Kreischberg)";1858;"Sport Suli";it;"St. Lorenzen 31";47.096668;14.091220;https://www.alpinresorts.com/it/noleggio-ski/parameters/1858;https://www.alpinresorts.com/it/noleggio-ski/austria/stiria/st-georgen-ob-murau-kreischberg;https://www.alpinresorts.com/uploads/images/alpinshop/small/6/b/1/6b1ea2f6441526ada0e67679bb087f736851c0d3.jpg;https://www.alpinresorts.com/uploads/images/alpinshop/big/6/b/1/6b1ea2f6441526ada0e67679bb087f736851c0d3.jpg;0.17;2020-01-11
AT;Stiermarken;3982;"St. Georgen ob Murau (Kreischberg)";1858;"Sport Suli";nl;"St. Lorenzen 31";47.096668;14.091220;https://www.alpinresorts.com/nl/skiverhuur/parameters/1858;https://www.alpinresorts.com/nl/skiverhuur/oostenrijk/stiermarken/st-georgen-ob-murau-kreischberg;https://www.alpinresorts.com/uploads/images/alpinshop/small/6/b/1/6b1ea2f6441526ada0e67679bb087f736851c0d3.jpg;https://www.alpinresorts.com/uploads/images/alpinshop/big/6/b/1/6b1ea2f6441526ada0e67679bb087f736851c0d3.jpg;0.17;2020-01-11
AT;Steiermark;3256;"St. Sebastian ";1669;"RUDY'SHCOOL - Verleihhütte St. Sebastian";de;"St. Sebastian - am Liftparkplatz";47.784000;15.310054;https://www.alpinresorts.com/de/skiverleih/parameters/1669;https://www.alpinresorts.com/de/skiverleih/oesterreich/steiermark/st-sebastian;https://www.alpinresorts.com/uploads/images/alpinshop/small/f/b/9/fb9d6b4808165c5f3b606746c55dee0eea3c6fa5.jpg;https://www.alpinresorts.com/uploads/images/alpinshop/big/f/b/9/fb9d6b4808165c5f3b606746c55dee0eea3c6fa5.jpg;0.17;2020-01-11
AT;Styria;3256;"St. Sebastian ";1669;"RUDY'SHCOOL - Verleihhütte St. Sebastian";en;"St. Sebastian - am Liftparkplatz";47.784000;15.310054;https://www.alpinresorts.com/en/ski-rental/parameters/1669;https://www.alpinresorts.com/en/ski-rental/austria/styria/st-sebastian;https://www.alpinresorts.com/uploads/images/alpinshop/small/f/b/9/fb9d6b4808165c5f3b606746c55dee0eea3c6fa5.jpg;https://www.alpinresorts.com/uploads/images/alpinshop/big/f/b/9/fb9d6b4808165c5f3b606746c55dee0eea3c6fa5.jpg;0.17;2020-01-11
AT;Styrie;3256;"St. Sebastian ";1669;"RUDY'SHCOOL - Verleihhütte St. Sebastian";fr;"St. Sebastian - am Liftparkplatz";47.784000;15.310054;https://www.alpinresorts.com/fr/location-ski/parameters/1669;https://www.alpinresorts.com/fr/location-ski/autriche/styrie/st-sebastian;https://www.alpinresorts.com/uploads/images/alpinshop/small/f/b/9/fb9d6b4808165c5f3b606746c55dee0eea3c6fa5.jpg;https://www.alpinresorts.com/uploads/images/alpinshop/big/f/b/9/fb9d6b4808165c5f3b606746c55dee0eea3c6fa5.jpg;0.17;2020-01-11
AT;Stiria;3256;"St. Sebastian ";1669;"RUDY'SHCOOL - Verleihhütte St. Sebastian";it;"St. Sebastian - am Liftparkplatz";47.784000;15.310054;https://www.alpinresorts.com/it/noleggio-ski/parameters/1669;https://www.alpinresorts.com/it/noleggio-ski/austria/stiria/st-sebastian;https://www.alpinresorts.com/uploads/images/alpinshop/small/f/b/9/fb9d6b4808165c5f3b606746c55dee0eea3c6fa5.jpg;https://www.alpinresorts.com/uploads/images/alpinshop/big/f/b/9/fb9d6b4808165c5f3b606746c55dee0eea3c6fa5.jpg;0.17;2020-01-11
AT;Stiermarken;3256;"St. Sebastian ";1669;"RUDY'SHCOOL - Verleihhütte St. Sebastian";nl;"St. Sebastian - am Liftparkplatz";47.784000;15.310054;https://www.alpinresorts.com/nl/skiverhuur/parameters/1669;https://www.alpinresorts.com/nl/skiverhuur/oostenrijk/stiermarken/st-sebastian;https://www.alpinresorts.com/uploads/images/alpinshop/small/f/b/9/fb9d6b4808165c5f3b606746c55dee0eea3c6fa5.jpg;https://www.alpinresorts.com/uploads/images/alpinshop/big/f/b/9/fb9d6b4808165c5f3b606746c55dee0eea3c6fa5.jpg;0.17;2020-01-11
AT;Kärnten;126;"Bad Kleinkirchheim";1995;"Hervis Bad Kleinkirchheim";de;"Dorfstraße 40";46.813709;13.788702;https://www.alpinresorts.com/de/skiverleih/parameters/1995;https://www.alpinresorts.com/de/skiverleih/oesterreich/kaernten/bad-kleinkirchheim;https://www.alpinresorts.com/uploads/images/alpinshop/small/1/2/1/121e622a546c010edbe50eccc2445a2ff34a4e78.jpg;https://www.alpinresorts.com/uploads/images/alpinshop/big/1/2/1/121e622a546c010edbe50eccc2445a2ff34a4e78.jpg;0.2;2020-01-11
AT;Carinthia;126;"Bad Kleinkirchheim";1995;"Hervis Bad Kleinkirchheim";en;"Dorfstraße 40";46.813709;13.788702;https://www.alpinresorts.com/en/ski-rental/parameters/1995;https://www.alpinresorts.com/en/ski-rental/austria/carinthia/bad-kleinkirchheim;https://www.alpinresorts.com/uploads/images/alpinshop/small/1/2/1/121e622a546c010edbe50eccc2445a2ff34a4e78.jpg;https://www.alpinresorts.com/uploads/images/alpinshop/big/1/2/1/121e622a546c010edbe50eccc2445a2ff34a4e78.jpg;0.2;2020-01-11
AT;Carinthie;126;"Bad Kleinkirchheim";1995;"Hervis Bad Kleinkirchheim";fr;"Dorfstraße 40";46.813709;13.788702;https://www.alpinresorts.com/fr/location-ski/parameters/1995;https://www.alpinresorts.com/fr/location-ski/autriche/carinthie/bad-kleinkirchheim;https://www.alpinresorts.com/uploads/images/alpinshop/small/1/2/1/121e622a546c010edbe50eccc2445a2ff34a4e78.jpg;https://www.alpinresorts.com/uploads/images/alpinshop/big/1/2/1/121e622a546c010edbe50eccc2445a2ff34a4e78.jpg;0.2;2020-01-11
AT;Carinzia;126;"Bad Kleinkirchheim";1995;"Hervis Bad Kleinkirchheim";it;"Dorfstraße 40";46.813709;13.788702;https://www.alpinresorts.com/it/noleggio-ski/parameters/1995;https://www.alpinresorts.com/it/noleggio-ski/austria/carinzia/bad-kleinkirchheim;https://www.alpinresorts.com/uploads/images/alpinshop/small/1/2/1/121e622a546c010edbe50eccc2445a2ff34a4e78.jpg;https://www.alpinresorts.com/uploads/images/alpinshop/big/1/2/1/121e622a546c010edbe50eccc2445a2ff34a4e78.jpg;0.2;2020-01-11
AT;Karinthie;126;"Bad Kleinkirchheim";1995;"Hervis Bad Kleinkirchheim";nl;"Dorfstraße 40";46.813709;13.788702;https://www.alpinresorts.com/nl/skiverhuur/parameters/1995;https://www.alpinresorts.com/nl/skiverhuur/oostenrijk/karinthie/bad-kleinkirchheim;https://www.alpinresorts.com/uploads/images/alpinshop/small/1/2/1/121e622a546c010edbe50eccc2445a2ff34a4e78.jpg;https://www.alpinresorts.com/uploads/images/alpinshop/big/1/2/1/121e622a546c010edbe50eccc2445a2ff34a4e78.jpg;0.2;2020-01-11
AT;Kärnten;21;Heiligenblut;2;"Sportladen Heiligenblut";de;"Hof 34 (Seilbahn Heiligenblut Talstation / valley station)";47.040359;12.841178;https://www.alpinresorts.com/de/skiverleih/parameters/2;https://www.alpinresorts.com/de/skiverleih/oesterreich/kaernten/heiligenblut;https://www.alpinresorts.com/uploads/images/alpinshop/small/a/2/1/a21f14e752af479113fa72b7bf4f634fbfaf1f7f.jpg;https://www.alpinresorts.com/uploads/images/alpinshop/big/a/2/1/a21f14e752af479113fa72b7bf4f634fbfaf1f7f.jpg;0.17;2020-01-11
AT;Carinthia;21;Heiligenblut;2;"Sportladen Heiligenblut";en;"Hof 34 (Seilbahn Heiligenblut Talstation / valley station)";47.040359;12.841178;https://www.alpinresorts.com/en/ski-rental/parameters/2;https://www.alpinresorts.com/en/ski-rental/austria/carinthia/heiligenblut;https://www.alpinresorts.com/uploads/images/alpinshop/small/a/2/1/a21f14e752af479113fa72b7bf4f634fbfaf1f7f.jpg;https://www.alpinresorts.com/uploads/images/alpinshop/big/a/2/1/a21f14e752af479113fa72b7bf4f634fbfaf1f7f.jpg;0.17;2020-01-11
AT;Carinthie;21;Heiligenblut;2;"Sportladen Heiligenblut";fr;"Hof 34 (Seilbahn Heiligenblut Talstation / valley station)";47.040359;12.841178;https://www.alpinresorts.com/fr/location-ski/parameters/2;https://www.alpinresorts.com/fr/location-ski/autriche/carinthie/heiligenblut;https://www.alpinresorts.com/uploads/images/alpinshop/small/a/2/1/a21f14e752af479113fa72b7bf4f634fbfaf1f7f.jpg;https://www.alpinresorts.com/uploads/images/alpinshop/big/a/2/1/a21f14e752af479113fa72b7bf4f634fbfaf1f7f.jpg;0.17;2020-01-11
AT;Carinzia;21;Heiligenblut;2;"Sportladen Heiligenblut";it;"Hof 34 (Seilbahn Heiligenblut Talstation / valley station)";47.040359;12.841178;https://www.alpinresorts.com/it/noleggio-ski/parameters/2;https://www.alpinresorts.com/it/noleggio-ski/austria/carinzia/heiligenblut;https://www.alpinresorts.com/uploads/images/alpinshop/small/a/2/1/a21f14e752af479113fa72b7bf4f634fbfaf1f7f.jpg;https://www.alpinresorts.com/uploads/images/alpinshop/big/a/2/1/a21f14e752af479113fa72b7bf4f634fbfaf1f7f.jpg;0.17;2020-01-11
AT;Karinthie;21;Heiligenblut;2;"Sportladen Heiligenblut";nl;"Hof 34 (Seilbahn Heiligenblut Talstation / valley station)";47.040359;12.841178;https://www.alpinresorts.com/nl/skiverhuur/parameters/2;https://www.alpinresorts.com/nl/skiverhuur/oostenrijk/karinthie/heiligenblut;https://www.alpinresorts.com/uploads/images/alpinshop/small/a/2/1/a21f14e752af479113fa72b7bf4f634fbfaf1f7f.jpg;https://www.alpinresorts.com/uploads/images/alpinshop/big/a/2/1/a21f14e752af479113fa72b7bf4f634fbfaf1f7f.jpg;0.17;2020-01-11
AT;Kärnten;1641;Katschberghöhe;2601;FRESH:UP;de;"Katschberghöhe 37";47.057777;13.613197;https://www.alpinresorts.com/de/skiverleih/parameters/2601;https://www.alpinresorts.com/de/skiverleih/oesterreich/kaernten/katschberghoehe;https://www.alpinresorts.com/uploads/images/alpinshop/small/4/9/b/49bfeeaa1deeb64899be78c7f22f5456ece328cd.jpg;https://www.alpinresorts.com/uploads/images/alpinshop/big/4/9/b/49bfeeaa1deeb64899be78c7f22f5456ece328cd.jpg;0.17;2020-01-11
AT;Carinthia;1641;Katschberghöhe;2601;FRESH:UP;en;"Katschberghöhe 37";47.057777;13.613197;https://www.alpinresorts.com/en/ski-rental/parameters/2601;https://www.alpinresorts.com/en/ski-rental/austria/carinthia/katschberghoehe;https://www.alpinresorts.com/uploads/images/alpinshop/small/4/9/b/49bfeeaa1deeb64899be78c7f22f5456ece328cd.jpg;https://www.alpinresorts.com/uploads/images/alpinshop/big/4/9/b/49bfeeaa1deeb64899be78c7f22f5456ece328cd.jpg;0.17;2020-01-11
AT;Carinthie;1641;Katschberghöhe;2601;FRESH:UP;fr;"Katschberghöhe 37";47.057777;13.613197;https://www.alpinresorts.com/fr/location-ski/parameters/2601;https://www.alpinresorts.com/fr/location-ski/autriche/carinthie/katschberghoehe;https://www.alpinresorts.com/uploads/images/alpinshop/small/4/9/b/49bfeeaa1deeb64899be78c7f22f5456ece328cd.jpg;https://www.alpinresorts.com/uploads/images/alpinshop/big/4/9/b/49bfeeaa1deeb64899be78c7f22f5456ece328cd.jpg;0.17;2020-01-11
AT;Carinzia;1641;Katschberghöhe;2601;FRESH:UP;it;"Katschberghöhe 37";47.057777;13.613197;https://www.alpinresorts.com/it/noleggio-ski/parameters/2601;https://www.alpinresorts.com/it/noleggio-ski/austria/carinzia/katschberghoehe;https://www.alpinresorts.com/uploads/images/alpinshop/small/4/9/b/49bfeeaa1deeb64899be78c7f22f5456ece328cd.jpg;https://www.alpinresorts.com/uploads/images/alpinshop/big/4/9/b/49bfeeaa1deeb64899be78c7f22f5456ece328cd.jpg;0.17;2020-01-11
AT;Karinthie;1641;Katschberghöhe;2601;FRESH:UP;nl;"Katschberghöhe 37";47.057777;13.613197;https://www.alpinresorts.com/nl/skiverhuur/parameters/2601;https://www.alpinresorts.com/nl/skiverhuur/oostenrijk/karinthie/katschberghoehe;https://www.alpinresorts.com/uploads/images/alpinshop/small/4/9/b/49bfeeaa1deeb64899be78c7f22f5456ece328cd.jpg;https://www.alpinresorts.com/uploads/images/alpinshop/big/4/9/b/49bfeeaa1deeb64899be78c7f22f5456ece328cd.jpg;0.17;2020-01-11
AT;Kärnten;417;Mallnitz;3354;"Sport 2000 Skischule Ankogel";de;"Mallnitz 40";46.988720;13.169380;https://www.alpinresorts.com/de/skiverleih/parameters/3354;https://www.alpinresorts.com/de/skiverleih/oesterreich/kaernten/mallnitz;https://www.alpinresorts.com/uploads/images/alpinshop/small/b/2/9/b29c1a6f90340ecf269fe9571782208fdd125cbd.jpg;https://www.alpinresorts.com/uploads/images/alpinshop/big/b/2/9/b29c1a6f90340ecf269fe9571782208fdd125cbd.jpg;0.17;2020-01-11
AT;Carinthia;417;Mallnitz;3354;"Sport 2000 Skischule Ankogel";en;"Mallnitz 40";46.988720;13.169380;https://www.alpinresorts.com/en/ski-rental/parameters/3354;https://www.alpinresorts.com/en/ski-rental/austria/carinthia/mallnitz;https://www.alpinresorts.com/uploads/images/alpinshop/small/b/2/9/b29c1a6f90340ecf269fe9571782208fdd125cbd.jpg;https://www.alpinresorts.com/uploads/images/alpinshop/big/b/2/9/b29c1a6f90340ecf269fe9571782208fdd125cbd.jpg;0.17;2020-01-11
AT;Carinthie;417;Mallnitz;3354;"Sport 2000 Skischule Ankogel";fr;"Mallnitz 40";46.988720;13.169380;https://www.alpinresorts.com/fr/location-ski/parameters/3354;https://www.alpinresorts.com/fr/location-ski/autriche/carinthie/mallnitz;https://www.alpinresorts.com/uploads/images/alpinshop/small/b/2/9/b29c1a6f90340ecf269fe9571782208fdd125cbd.jpg;https://www.alpinresorts.com/uploads/images/alpinshop/big/b/2/9/b29c1a6f90340ecf269fe9571782208fdd125cbd.jpg;0.17;2020-01-11
AT;Carinzia;417;Mallnitz;3354;"Sport 2000 Skischule Ankogel";it;"Mallnitz 40";46.988720;13.169380;https://www.alpinresorts.com/it/noleggio-ski/parameters/3354;https://www.alpinresorts.com/it/noleggio-ski/austria/carinzia/mallnitz;https://www.alpinresorts.com/uploads/images/alpinshop/small/b/2/9/b29c1a6f90340ecf269fe9571782208fdd125cbd.jpg;https://www.alpinresorts.com/uploads/images/alpinshop/big/b/2/9/b29c1a6f90340ecf269fe9571782208fdd125cbd.jpg;0.17;2020-01-11
AT;Karinthie;417;Mallnitz;3354;"Sport 2000 Skischule Ankogel";nl;"Mallnitz 40";46.988720;13.169380;https://www.alpinresorts.com/nl/skiverhuur/parameters/3354;https://www.alpinresorts.com/nl/skiverhuur/oostenrijk/karinthie/mallnitz;https://www.alpinresorts.com/uploads/images/alpinshop/small/b/2/9/b29c1a6f90340ecf269fe9571782208fdd125cbd.jpg;https://www.alpinresorts.com/uploads/images/alpinshop/big/b/2/9/b29c1a6f90340ecf269fe9571782208fdd125cbd.jpg;0.17;2020-01-11
AT;Kärnten;417;Mallnitz;3357;"Sport 2000 Skischule Ankogel";de;"Parkplatz Skigebiet Ankogel /parking place Ankogel skiresort";47.014755;13.184909;https://www.alpinresorts.com/de/skiverleih/parameters/3357;https://www.alpinresorts.com/de/skiverleih/oesterreich/kaernten/mallnitz;https://www.alpinresorts.com/uploads/images/alpinshop/small/1/2/4/12417b1c9d71072920a96a94eb88125325747ced.jpg;https://www.alpinresorts.com/uploads/images/alpinshop/big/1/2/4/12417b1c9d71072920a96a94eb88125325747ced.jpg;0.17;2020-01-11
AT;Carinthia;417;Mallnitz;3357;"Sport 2000 Skischule Ankogel";en;"Parkplatz Skigebiet Ankogel /parking place Ankogel skiresort";47.014755;13.184909;https://www.alpinresorts.com/en/ski-rental/parameters/3357;https://www.alpinresorts.com/en/ski-rental/austria/carinthia/mallnitz;https://www.alpinresorts.com/uploads/images/alpinshop/small/1/2/4/12417b1c9d71072920a96a94eb88125325747ced.jpg;https://www.alpinresorts.com/uploads/images/alpinshop/big/1/2/4/12417b1c9d71072920a96a94eb88125325747ced.jpg;0.17;2020-01-11
AT;Carinthie;417;Mallnitz;3357;"Sport 2000 Skischule Ankogel";fr;"Parkplatz Skigebiet Ankogel /parking place Ankogel skiresort";47.014755;13.184909;https://www.alpinresorts.com/fr/location-ski/parameters/3357;https://www.alpinresorts.com/fr/location-ski/autriche/carinthie/mallnitz;https://www.alpinresorts.com/uploads/images/alpinshop/small/1/2/4/12417b1c9d71072920a96a94eb88125325747ced.jpg;https://www.alpinresorts.com/uploads/images/alpinshop/big/1/2/4/12417b1c9d71072920a96a94eb88125325747ced.jpg;0.17;2020-01-11
AT;Carinzia;417;Mallnitz;3357;"Sport 2000 Skischule Ankogel";it;"Parkplatz Skigebiet Ankogel /parking place Ankogel skiresort";47.014755;13.184909;https://www.alpinresorts.com/it/noleggio-ski/parameters/3357;https://www.alpinresorts.com/it/noleggio-ski/austria/carinzia/mallnitz;https://www.alpinresorts.com/uploads/images/alpinshop/small/1/2/4/12417b1c9d71072920a96a94eb88125325747ced.jpg;https://www.alpinresorts.com/uploads/images/alpinshop/big/1/2/4/12417b1c9d71072920a96a94eb88125325747ced.jpg;0.17;2020-01-11
AT;Karinthie;417;Mallnitz;3357;"Sport 2000 Skischule Ankogel";nl;"Parkplatz Skigebiet Ankogel /parking place Ankogel skiresort";47.014755;13.184909;https://www.alpinresorts.com/nl/skiverhuur/parameters/3357;https://www.alpinresorts.com/nl/skiverhuur/oostenrijk/karinthie/mallnitz;https://www.alpinresorts.com/uploads/images/alpinshop/small/1/2/4/12417b1c9d71072920a96a94eb88125325747ced.jpg;https://www.alpinresorts.com/uploads/images/alpinshop/big/1/2/4/12417b1c9d71072920a96a94eb88125325747ced.jpg;0.17;2020-01-11
AT;Kärnten;417;Mallnitz;723;"Wolligger Sports";de;"Dorfzentrum/village centre";46.988770;13.169540;https://www.alpinresorts.com/de/skiverleih/parameters/723;https://www.alpinresorts.com/de/skiverleih/oesterreich/kaernten/mallnitz;https://www.alpinresorts.com/uploads/images/alpinshop/small/e/7/d/e7da9d90cb4a3b39ee57cac0cd437a678efbf70b.jpg;https://www.alpinresorts.com/uploads/images/alpinshop/big/e/7/d/e7da9d90cb4a3b39ee57cac0cd437a678efbf70b.jpg;0.24;2020-01-11
AT;Carinthia;417;Mallnitz;723;"Wolligger Sports";en;"Dorfzentrum/village centre";46.988770;13.169540;https://www.alpinresorts.com/en/ski-rental/parameters/723;https://www.alpinresorts.com/en/ski-rental/austria/carinthia/mallnitz;https://www.alpinresorts.com/uploads/images/alpinshop/small/e/7/d/e7da9d90cb4a3b39ee57cac0cd437a678efbf70b.jpg;https://www.alpinresorts.com/uploads/images/alpinshop/big/e/7/d/e7da9d90cb4a3b39ee57cac0cd437a678efbf70b.jpg;0.24;2020-01-11
AT;Carinthie;417;Mallnitz;723;"Wolligger Sports";fr;"Dorfzentrum/village centre";46.988770;13.169540;https://www.alpinresorts.com/fr/location-ski/parameters/723;https://www.alpinresorts.com/fr/location-ski/autriche/carinthie/mallnitz;https://www.alpinresorts.com/uploads/images/alpinshop/small/e/7/d/e7da9d90cb4a3b39ee57cac0cd437a678efbf70b.jpg;https://www.alpinresorts.com/uploads/images/alpinshop/big/e/7/d/e7da9d90cb4a3b39ee57cac0cd437a678efbf70b.jpg;0.24;2020-01-11
AT;Carinzia;417;Mallnitz;723;"Wolligger Sports";it;"Dorfzentrum/village centre";46.988770;13.169540;https://www.alpinresorts.com/it/noleggio-ski/parameters/723;https://www.alpinresorts.com/it/noleggio-ski/austria/carinzia/mallnitz;https://www.alpinresorts.com/uploads/images/alpinshop/small/e/7/d/e7da9d90cb4a3b39ee57cac0cd437a678efbf70b.jpg;https://www.alpinresorts.com/uploads/images/alpinshop/big/e/7/d/e7da9d90cb4a3b39ee57cac0cd437a678efbf70b.jpg;0.24;2020-01-11
AT;Karinthie;417;Mallnitz;723;"Wolligger Sports";nl;"Dorfzentrum/village centre";46.988770;13.169540;https://www.alpinresorts.com/nl/skiverhuur/parameters/723;https://www.alpinresorts.com/nl/skiverhuur/oostenrijk/karinthie/mallnitz;https://www.alpinresorts.com/uploads/images/alpinshop/small/e/7/d/e7da9d90cb4a3b39ee57cac0cd437a678efbf70b.jpg;https://www.alpinresorts.com/uploads/images/alpinshop/big/e/7/d/e7da9d90cb4a3b39ee57cac0cd437a678efbf70b.jpg;0.24;2020-01-11
AT;Kärnten;417;Mallnitz;3827;"Wolligger Sports Talstation Ankogelbahn";de;"Stappitz 87 Talstation/valley station Ankogelbahn";47.013863;13.186571;https://www.alpinresorts.com/de/skiverleih/parameters/3827;https://www.alpinresorts.com/de/skiverleih/oesterreich/kaernten/mallnitz;https://www.alpinresorts.com/uploads/images/alpinshop/small/7/4/3/7435b41ee669a6c83776d1abc871e6edc1d6fe41.jpg;https://www.alpinresorts.com/uploads/images/alpinshop/big/7/4/3/7435b41ee669a6c83776d1abc871e6edc1d6fe41.jpg;0.24;2020-01-11
AT;Carinthia;417;Mallnitz;3827;"Wolligger Sports Talstation Ankogelbahn";en;"Stappitz 87 Talstation/valley station Ankogelbahn";47.013863;13.186571;https://www.alpinresorts.com/en/ski-rental/parameters/3827;https://www.alpinresorts.com/en/ski-rental/austria/carinthia/mallnitz;https://www.alpinresorts.com/uploads/images/alpinshop/small/7/4/3/7435b41ee669a6c83776d1abc871e6edc1d6fe41.jpg;https://www.alpinresorts.com/uploads/images/alpinshop/big/7/4/3/7435b41ee669a6c83776d1abc871e6edc1d6fe41.jpg;0.24;2020-01-11
AT;Carinthie;417;Mallnitz;3827;"Wolligger Sports Talstation Ankogelbahn";fr;"Stappitz 87 Talstation/valley station Ankogelbahn";47.013863;13.186571;https://www.alpinresorts.com/fr/location-ski/parameters/3827;https://www.alpinresorts.com/fr/location-ski/autriche/carinthie/mallnitz;https://www.alpinresorts.com/uploads/images/alpinshop/small/7/4/3/7435b41ee669a6c83776d1abc871e6edc1d6fe41.jpg;https://www.alpinresorts.com/uploads/images/alpinshop/big/7/4/3/7435b41ee669a6c83776d1abc871e6edc1d6fe41.jpg;0.24;2020-01-11
AT;Carinzia;417;Mallnitz;3827;"Wolligger Sports Talstation Ankogelbahn";it;"Stappitz 87 Talstation/valley station Ankogelbahn";47.013863;13.186571;https://www.alpinresorts.com/it/noleggio-ski/parameters/3827;https://www.alpinresorts.com/it/noleggio-ski/austria/carinzia/mallnitz;https://www.alpinresorts.com/uploads/images/alpinshop/small/7/4/3/7435b41ee669a6c83776d1abc871e6edc1d6fe41.jpg;https://www.alpinresorts.com/uploads/images/alpinshop/big/7/4/3/7435b41ee669a6c83776d1abc871e6edc1d6fe41.jpg;0.24;2020-01-11
AT;Karinthie;417;Mallnitz;3827;"Wolligger Sports Talstation Ankogelbahn";nl;"Stappitz 87 Talstation/valley station Ankogelbahn";47.013863;13.186571;https://www.alpinresorts.com/nl/skiverhuur/parameters/3827;https://www.alpinresorts.com/nl/skiverhuur/oostenrijk/karinthie/mallnitz;https://www.alpinresorts.com/uploads/images/alpinshop/small/7/4/3/7435b41ee669a6c83776d1abc871e6edc1d6fe41.jpg;https://www.alpinresorts.com/uploads/images/alpinshop/big/7/4/3/7435b41ee669a6c83776d1abc871e6edc1d6fe41.jpg;0.24;2020-01-11
AT;Kärnten;1681;Turracherhöhe;1983;"Skiworld Sportshop - Kornockbahn";de;"Kornockbahn Talstation / valley station";46.923759;13.869185;https://www.alpinresorts.com/de/skiverleih/parameters/1983;https://www.alpinresorts.com/de/skiverleih/oesterreich/kaernten/turracherhoehe;https://www.alpinresorts.com/uploads/images/alpinshop/small/0/5/8/058df9cfa864ab2270f4e731511394e5b047ed96.jpg;https://www.alpinresorts.com/uploads/images/alpinshop/big/0/5/8/058df9cfa864ab2270f4e731511394e5b047ed96.jpg;0.17;2020-01-11
AT;Carinthia;1681;Turracherhöhe;1983;"Skiworld Sportshop - Kornockbahn";en;"Kornockbahn Talstation / valley station";46.923759;13.869185;https://www.alpinresorts.com/en/ski-rental/parameters/1983;https://www.alpinresorts.com/en/ski-rental/austria/carinthia/turracherhoehe;https://www.alpinresorts.com/uploads/images/alpinshop/small/0/5/8/058df9cfa864ab2270f4e731511394e5b047ed96.jpg;https://www.alpinresorts.com/uploads/images/alpinshop/big/0/5/8/058df9cfa864ab2270f4e731511394e5b047ed96.jpg;0.17;2020-01-11
AT;Carinthie;1681;Turracherhöhe;1983;"Skiworld Sportshop - Kornockbahn";fr;"Kornockbahn Talstation / valley station";46.923759;13.869185;https://www.alpinresorts.com/fr/location-ski/parameters/1983;https://www.alpinresorts.com/fr/location-ski/autriche/carinthie/turracherhoehe;https://www.alpinresorts.com/uploads/images/alpinshop/small/0/5/8/058df9cfa864ab2270f4e731511394e5b047ed96.jpg;https://www.alpinresorts.com/uploads/images/alpinshop/big/0/5/8/058df9cfa864ab2270f4e731511394e5b047ed96.jpg;0.17;2020-01-11
AT;Carinzia;1681;Turracherhöhe;1983;"Skiworld Sportshop - Kornockbahn";it;"Kornockbahn Talstation / valley station";46.923759;13.869185;https://www.alpinresorts.com/it/noleggio-ski/parameters/1983;https://www.alpinresorts.com/it/noleggio-ski/austria/carinzia/turracherhoehe;https://www.alpinresorts.com/uploads/images/alpinshop/small/0/5/8/058df9cfa864ab2270f4e731511394e5b047ed96.jpg;https://www.alpinresorts.com/uploads/images/alpinshop/big/0/5/8/058df9cfa864ab2270f4e731511394e5b047ed96.jpg;0.17;2020-01-11
AT;Karinthie;1681;Turracherhöhe;1983;"Skiworld Sportshop - Kornockbahn";nl;"Kornockbahn Talstation / valley station";46.923759;13.869185;https://www.alpinresorts.com/nl/skiverhuur/parameters/1983;https://www.alpinresorts.com/nl/skiverhuur/oostenrijk/karinthie/turracherhoehe;https://www.alpinresorts.com/uploads/images/alpinshop/small/0/5/8/058df9cfa864ab2270f4e731511394e5b047ed96.jpg;https://www.alpinresorts.com/uploads/images/alpinshop/big/0/5/8/058df9cfa864ab2270f4e731511394e5b047ed96.jpg;0.17;2020-01-11
AT;Oberösterreich;413;Gosau;3543;"Checkpoint Sport Cooee alpin";de;"Gosauseestraße 15, Cooee alpin hotels";47.581520;13.534718;https://www.alpinresorts.com/de/skiverleih/parameters/3543;https://www.alpinresorts.com/de/skiverleih/oesterreich/salzburg/gosau;https://www.alpinresorts.com/uploads/images/alpinshop/small/7/e/8/7e84702b65a1d056d92b793e27ff4fdac308a03e.jpg;https://www.alpinresorts.com/uploads/images/alpinshop/big/7/e/8/7e84702b65a1d056d92b793e27ff4fdac308a03e.jpg;0.07;2020-01-11
AT;"Upper Austria";413;Gosau;3543;"Checkpoint Sport Cooee alpin";en;"Gosauseestraße 15, Cooee alpin hotels";47.581520;13.534718;https://www.alpinresorts.com/en/ski-rental/parameters/3543;https://www.alpinresorts.com/en/ski-rental/austria/salzburg/gosau;https://www.alpinresorts.com/uploads/images/alpinshop/small/7/e/8/7e84702b65a1d056d92b793e27ff4fdac308a03e.jpg;https://www.alpinresorts.com/uploads/images/alpinshop/big/7/e/8/7e84702b65a1d056d92b793e27ff4fdac308a03e.jpg;0.07;2020-01-11
AT;Haute-Autriche;413;Gosau;3543;"Checkpoint Sport Cooee alpin";fr;"Gosauseestraße 15, Cooee alpin hotels";47.581520;13.534718;https://www.alpinresorts.com/fr/location-ski/parameters/3543;https://www.alpinresorts.com/fr/location-ski/autriche/salzbourg/gosau;https://www.alpinresorts.com/uploads/images/alpinshop/small/7/e/8/7e84702b65a1d056d92b793e27ff4fdac308a03e.jpg;https://www.alpinresorts.com/uploads/images/alpinshop/big/7/e/8/7e84702b65a1d056d92b793e27ff4fdac308a03e.jpg;0.07;2020-01-11
AT;"Alta Austria";413;Gosau;3543;"Checkpoint Sport Cooee alpin";it;"Gosauseestraße 15, Cooee alpin hotels";47.581520;13.534718;https://www.alpinresorts.com/it/noleggio-ski/parameters/3543;https://www.alpinresorts.com/it/noleggio-ski/austria/salisburghese/gosau;https://www.alpinresorts.com/uploads/images/alpinshop/small/7/e/8/7e84702b65a1d056d92b793e27ff4fdac308a03e.jpg;https://www.alpinresorts.com/uploads/images/alpinshop/big/7/e/8/7e84702b65a1d056d92b793e27ff4fdac308a03e.jpg;0.07;2020-01-11
AT;Opper-Oostenrijk;413;Gosau;3543;"Checkpoint Sport Cooee alpin";nl;"Gosauseestraße 15, Cooee alpin hotels";47.581520;13.534718;https://www.alpinresorts.com/nl/skiverhuur/parameters/3543;https://www.alpinresorts.com/nl/skiverhuur/oostenrijk/opper-oostenrijk/gosau;https://www.alpinresorts.com/uploads/images/alpinshop/small/7/e/8/7e84702b65a1d056d92b793e27ff4fdac308a03e.jpg;https://www.alpinresorts.com/uploads/images/alpinshop/big/7/e/8/7e84702b65a1d056d92b793e27ff4fdac308a03e.jpg;0.07;2020-01-11
AT;Oberösterreich;413;Gosau;3805;"Sport Jirka  – Gosau Centrum ";de;"Gosauseestrasse 633";47.582668;13.533822;https://www.alpinresorts.com/de/skiverleih/parameters/3805;https://www.alpinresorts.com/de/skiverleih/oesterreich/salzburg/gosau;https://www.alpinresorts.com/uploads/images/alpinshop/small/4/4/8/448c0328bbee0f2c03d87dda3879beaf0feca8c5.jpg;https://www.alpinresorts.com/uploads/images/alpinshop/big/4/4/8/448c0328bbee0f2c03d87dda3879beaf0feca8c5.jpg;0.07;2020-01-11
AT;"Upper Austria";413;Gosau;3805;"Sport Jirka  – Gosau Centrum ";en;"Gosauseestrasse 633";47.582668;13.533822;https://www.alpinresorts.com/en/ski-rental/parameters/3805;https://www.alpinresorts.com/en/ski-rental/austria/salzburg/gosau;https://www.alpinresorts.com/uploads/images/alpinshop/small/4/4/8/448c0328bbee0f2c03d87dda3879beaf0feca8c5.jpg;https://www.alpinresorts.com/uploads/images/alpinshop/big/4/4/8/448c0328bbee0f2c03d87dda3879beaf0feca8c5.jpg;0.07;2020-01-11
AT;Haute-Autriche;413;Gosau;3805;"Sport Jirka  – Gosau Centrum ";fr;"Gosauseestrasse 633";47.582668;13.533822;https://www.alpinresorts.com/fr/location-ski/parameters/3805;https://www.alpinresorts.com/fr/location-ski/autriche/salzbourg/gosau;https://www.alpinresorts.com/uploads/images/alpinshop/small/4/4/8/448c0328bbee0f2c03d87dda3879beaf0feca8c5.jpg;https://www.alpinresorts.com/uploads/images/alpinshop/big/4/4/8/448c0328bbee0f2c03d87dda3879beaf0feca8c5.jpg;0.07;2020-01-11
AT;"Alta Austria";413;Gosau;3805;"Sport Jirka  – Gosau Centrum ";it;"Gosauseestrasse 633";47.582668;13.533822;https://www.alpinresorts.com/it/noleggio-ski/parameters/3805;https://www.alpinresorts.com/it/noleggio-ski/austria/salisburghese/gosau;https://www.alpinresorts.com/uploads/images/alpinshop/small/4/4/8/448c0328bbee0f2c03d87dda3879beaf0feca8c5.jpg;https://www.alpinresorts.com/uploads/images/alpinshop/big/4/4/8/448c0328bbee0f2c03d87dda3879beaf0feca8c5.jpg;0.07;2020-01-11
AT;Opper-Oostenrijk;413;Gosau;3805;"Sport Jirka  – Gosau Centrum ";nl;"Gosauseestrasse 633";47.582668;13.533822;https://www.alpinresorts.com/nl/skiverhuur/parameters/3805;https://www.alpinresorts.com/nl/skiverhuur/oostenrijk/opper-oostenrijk/gosau;https://www.alpinresorts.com/uploads/images/alpinshop/small/4/4/8/448c0328bbee0f2c03d87dda3879beaf0feca8c5.jpg;https://www.alpinresorts.com/uploads/images/alpinshop/big/4/4/8/448c0328bbee0f2c03d87dda3879beaf0feca8c5.jpg;0.07;2020-01-11
AT;Oberösterreich;413;Gosau;3808;"Sport Jirka – Talstation Panorama-Jet Zwieselalm";de;"Gosauseestrasse, Panorama-Jet Zwieselalm Talstation / valley station";47.545208;13.504317;https://www.alpinresorts.com/de/skiverleih/parameters/3808;https://www.alpinresorts.com/de/skiverleih/oesterreich/salzburg/gosau;https://www.alpinresorts.com/uploads/images/alpinshop/small/b/5/7/b5749f98efce5da96421df637f9e4b1f9634b453.jpg;https://www.alpinresorts.com/uploads/images/alpinshop/big/b/5/7/b5749f98efce5da96421df637f9e4b1f9634b453.jpg;0.07;2020-01-11
AT;"Upper Austria";413;Gosau;3808;"Sport Jirka – Talstation Panorama-Jet Zwieselalm";en;"Gosauseestrasse, Panorama-Jet Zwieselalm Talstation / valley station";47.545208;13.504317;https://www.alpinresorts.com/en/ski-rental/parameters/3808;https://www.alpinresorts.com/en/ski-rental/austria/salzburg/gosau;https://www.alpinresorts.com/uploads/images/alpinshop/small/b/5/7/b5749f98efce5da96421df637f9e4b1f9634b453.jpg;https://www.alpinresorts.com/uploads/images/alpinshop/big/b/5/7/b5749f98efce5da96421df637f9e4b1f9634b453.jpg;0.07;2020-01-11
AT;Haute-Autriche;413;Gosau;3808;"Sport Jirka – Talstation Panorama-Jet Zwieselalm";fr;"Gosauseestrasse, Panorama-Jet Zwieselalm Talstation / valley station";47.545208;13.504317;https://www.alpinresorts.com/fr/location-ski/parameters/3808;https://www.alpinresorts.com/fr/location-ski/autriche/salzbourg/gosau;https://www.alpinresorts.com/uploads/images/alpinshop/small/b/5/7/b5749f98efce5da96421df637f9e4b1f9634b453.jpg;https://www.alpinresorts.com/uploads/images/alpinshop/big/b/5/7/b5749f98efce5da96421df637f9e4b1f9634b453.jpg;0.07;2020-01-11
AT;"Alta Austria";413;Gosau;3808;"Sport Jirka – Talstation Panorama-Jet Zwieselalm";it;"Gosauseestrasse, Panorama-Jet Zwieselalm Talstation / valley station";47.545208;13.504317;https://www.alpinresorts.com/it/noleggio-ski/parameters/3808;https://www.alpinresorts.com/it/noleggio-ski/austria/salisburghese/gosau;https://www.alpinresorts.com/uploads/images/alpinshop/small/b/5/7/b5749f98efce5da96421df637f9e4b1f9634b453.jpg;https://www.alpinresorts.com/uploads/images/alpinshop/big/b/5/7/b5749f98efce5da96421df637f9e4b1f9634b453.jpg;0.07;2020-01-11
AT;Opper-Oostenrijk;413;Gosau;3808;"Sport Jirka – Talstation Panorama-Jet Zwieselalm";nl;"Gosauseestrasse, Panorama-Jet Zwieselalm Talstation / valley station";47.545208;13.504317;https://www.alpinresorts.com/nl/skiverhuur/parameters/3808;https://www.alpinresorts.com/nl/skiverhuur/oostenrijk/opper-oostenrijk/gosau;https://www.alpinresorts.com/uploads/images/alpinshop/small/b/5/7/b5749f98efce5da96421df637f9e4b1f9634b453.jpg;https://www.alpinresorts.com/uploads/images/alpinshop/big/b/5/7/b5749f98efce5da96421df637f9e4b1f9634b453.jpg;0.07;2020-01-11
AT;Salzburg;26;Abtenau;20;"Wm Sport";de;"Markt 113";47.563068;13.348714;https://www.alpinresorts.com/de/skiverleih/parameters/20;https://www.alpinresorts.com/de/skiverleih/oesterreich/salzburg/abtenau;https://www.alpinresorts.com/uploads/images/alpinshop/small/d/a/3/da3162ab9857528b40fcfe9cec6d6ecf57ea9ce3.jpg;https://www.alpinresorts.com/uploads/images/alpinshop/big/d/a/3/da3162ab9857528b40fcfe9cec6d6ecf57ea9ce3.jpg;0.15;2020-01-11
AT;Salzburg;26;Abtenau;20;"Wm Sport";en;"Markt 113";47.563068;13.348714;https://www.alpinresorts.com/en/ski-rental/parameters/20;https://www.alpinresorts.com/en/ski-rental/austria/salzburg/abtenau;https://www.alpinresorts.com/uploads/images/alpinshop/small/d/a/3/da3162ab9857528b40fcfe9cec6d6ecf57ea9ce3.jpg;https://www.alpinresorts.com/uploads/images/alpinshop/big/d/a/3/da3162ab9857528b40fcfe9cec6d6ecf57ea9ce3.jpg;0.15;2020-01-11
AT;Salzbourg;26;Abtenau;20;"Wm Sport";fr;"Markt 113";47.563068;13.348714;https://www.alpinresorts.com/fr/location-ski/parameters/20;https://www.alpinresorts.com/fr/location-ski/autriche/salzbourg/abtenau;https://www.alpinresorts.com/uploads/images/alpinshop/small/d/a/3/da3162ab9857528b40fcfe9cec6d6ecf57ea9ce3.jpg;https://www.alpinresorts.com/uploads/images/alpinshop/big/d/a/3/da3162ab9857528b40fcfe9cec6d6ecf57ea9ce3.jpg;0.15;2020-01-11
AT;Salisburghese;26;Abtenau;20;"Wm Sport";it;"Markt 113";47.563068;13.348714;https://www.alpinresorts.com/it/noleggio-ski/parameters/20;https://www.alpinresorts.com/it/noleggio-ski/austria/salisburghese/abtenau;https://www.alpinresorts.com/uploads/images/alpinshop/small/d/a/3/da3162ab9857528b40fcfe9cec6d6ecf57ea9ce3.jpg;https://www.alpinresorts.com/uploads/images/alpinshop/big/d/a/3/da3162ab9857528b40fcfe9cec6d6ecf57ea9ce3.jpg;0.15;2020-01-11
AT;Salzburg;26;Abtenau;20;"Wm Sport";nl;"Markt 113";47.563068;13.348714;https://www.alpinresorts.com/nl/skiverhuur/parameters/20;https://www.alpinresorts.com/nl/skiverhuur/oostenrijk/salzburg/abtenau;https://www.alpinresorts.com/uploads/images/alpinshop/small/d/a/3/da3162ab9857528b40fcfe9cec6d6ecf57ea9ce3.jpg;https://www.alpinresorts.com/uploads/images/alpinshop/big/d/a/3/da3162ab9857528b40fcfe9cec6d6ecf57ea9ce3.jpg;0.15;2020-01-11
AT;Salzburg;34;"Alpendorf (St. Johann im Pongau)";3373;Snowshop;de;"Alpendorf 2, Plankenau";47.321346;13.195112;https://www.alpinresorts.com/de/skiverleih/parameters/3373;https://www.alpinresorts.com/de/skiverleih/oesterreich/salzburg/alpendorf-st-johann-im-pongau;https://www.alpinresorts.com/uploads/images/alpinshop/small/6/8/c/68c23ade5a819f270c36d66f41b2c4cb1ae47155.jpg;https://www.alpinresorts.com/uploads/images/alpinshop/big/6/8/c/68c23ade5a819f270c36d66f41b2c4cb1ae47155.jpg;0.12;2020-01-11
AT;Salzburg;34;"Alpendorf (St. Johann im Pongau)";3373;Snowshop;en;"Alpendorf 2, Plankenau";47.321346;13.195112;https://www.alpinresorts.com/en/ski-rental/parameters/3373;https://www.alpinresorts.com/en/ski-rental/austria/salzburg/alpendorf-st-johann-im-pongau;https://www.alpinresorts.com/uploads/images/alpinshop/small/6/8/c/68c23ade5a819f270c36d66f41b2c4cb1ae47155.jpg;https://www.alpinresorts.com/uploads/images/alpinshop/big/6/8/c/68c23ade5a819f270c36d66f41b2c4cb1ae47155.jpg;0.12;2020-01-11
AT;Salzbourg;34;"Alpendorf (St. Johann im Pongau)";3373;Snowshop;fr;"Alpendorf 2, Plankenau";47.321346;13.195112;https://www.alpinresorts.com/fr/location-ski/parameters/3373;https://www.alpinresorts.com/fr/location-ski/autriche/salzbourg/alpendorf-st-johann-im-pongau;https://www.alpinresorts.com/uploads/images/alpinshop/small/6/8/c/68c23ade5a819f270c36d66f41b2c4cb1ae47155.jpg;https://www.alpinresorts.com/uploads/images/alpinshop/big/6/8/c/68c23ade5a819f270c36d66f41b2c4cb1ae47155.jpg;0.12;2020-01-11
AT;Salisburghese;34;"Alpendorf (St. Johann im Pongau)";3373;Snowshop;it;"Alpendorf 2, Plankenau";47.321346;13.195112;https://www.alpinresorts.com/it/noleggio-ski/parameters/3373;https://www.alpinresorts.com/it/noleggio-ski/austria/salisburghese/alpendorf-st-johann-im-pongau;https://www.alpinresorts.com/uploads/images/alpinshop/small/6/8/c/68c23ade5a819f270c36d66f41b2c4cb1ae47155.jpg;https://www.alpinresorts.com/uploads/images/alpinshop/big/6/8/c/68c23ade5a819f270c36d66f41b2c4cb1ae47155.jpg;0.12;2020-01-11
AT;Salzburg;34;"Alpendorf (St. Johann im Pongau)";3373;Snowshop;nl;"Alpendorf 2, Plankenau";47.321346;13.195112;https://www.alpinresorts.com/nl/skiverhuur/parameters/3373;https://www.alpinresorts.com/nl/skiverhuur/oostenrijk/salzburg/alpendorf-st-johann-im-pongau;https://www.alpinresorts.com/uploads/images/alpinshop/small/6/8/c/68c23ade5a819f270c36d66f41b2c4cb1ae47155.jpg;https://www.alpinresorts.com/uploads/images/alpinshop/big/6/8/c/68c23ade5a819f270c36d66f41b2c4cb1ae47155.jpg;0.12;2020-01-11
AT;Salzburg;30;"Altenmarkt Zauchensee im Pongau";2118;"Hervis Altenmarkt";de;"Untere Marktstraße 21";47.381706;13.429339;https://www.alpinresorts.com/de/skiverleih/parameters/2118;https://www.alpinresorts.com/de/skiverleih/oesterreich/salzburg/altenmarkt-im-pongau;https://www.alpinresorts.com/uploads/images/alpinshop/small/1/2/1/121e622a546c010edbe50eccc2445a2ff34a4e78.jpg;https://www.alpinresorts.com/uploads/images/alpinshop/big/1/2/1/121e622a546c010edbe50eccc2445a2ff34a4e78.jpg;0.48;2020-01-11
AT;Salzburg;30;"Altenmarkt Zauchensee im Pongau";2118;"Hervis Altenmarkt";en;"Untere Marktstraße 21";47.381706;13.429339;https://www.alpinresorts.com/en/ski-rental/parameters/2118;https://www.alpinresorts.com/en/ski-rental/austria/salzburg/altenmarkt-im-pongau;https://www.alpinresorts.com/uploads/images/alpinshop/small/1/2/1/121e622a546c010edbe50eccc2445a2ff34a4e78.jpg;https://www.alpinresorts.com/uploads/images/alpinshop/big/1/2/1/121e622a546c010edbe50eccc2445a2ff34a4e78.jpg;0.48;2020-01-11
AT;Salzbourg;30;"Altenmarkt Zauchensee im Pongau";2118;"Hervis Altenmarkt";fr;"Untere Marktstraße 21";47.381706;13.429339;https://www.alpinresorts.com/fr/location-ski/parameters/2118;https://www.alpinresorts.com/fr/location-ski/autriche/salzbourg/altenmarkt-im-pongau;https://www.alpinresorts.com/uploads/images/alpinshop/small/1/2/1/121e622a546c010edbe50eccc2445a2ff34a4e78.jpg;https://www.alpinresorts.com/uploads/images/alpinshop/big/1/2/1/121e622a546c010edbe50eccc2445a2ff34a4e78.jpg;0.48;2020-01-11
AT;Salisburghese;30;"Altenmarkt Zauchensee im Pongau";2118;"Hervis Altenmarkt";it;"Untere Marktstraße 21";47.381706;13.429339;https://www.alpinresorts.com/it/noleggio-ski/parameters/2118;https://www.alpinresorts.com/it/noleggio-ski/austria/salisburghese/altenmarkt-im-pongau;https://www.alpinresorts.com/uploads/images/alpinshop/small/1/2/1/121e622a546c010edbe50eccc2445a2ff34a4e78.jpg;https://www.alpinresorts.com/uploads/images/alpinshop/big/1/2/1/121e622a546c010edbe50eccc2445a2ff34a4e78.jpg;0.48;2020-01-11
AT;Salzburg;30;"Altenmarkt Zauchensee im Pongau";2118;"Hervis Altenmarkt";nl;"Untere Marktstraße 21";47.381706;13.429339;https://www.alpinresorts.com/nl/skiverhuur/parameters/2118;https://www.alpinresorts.com/nl/skiverhuur/oostenrijk/salzburg/altenmarkt-im-pongau;https://www.alpinresorts.com/uploads/images/alpinshop/small/1/2/1/121e622a546c010edbe50eccc2445a2ff34a4e78.jpg;https://www.alpinresorts.com/uploads/images/alpinshop/big/1/2/1/121e622a546c010edbe50eccc2445a2ff34a4e78.jpg;0.48;2020-01-11
AT;Salzburg;30;"Altenmarkt Zauchensee im Pongau";21;"Sport 2000 Weitgasser";de;"Obere Marktstraße 5";47.378784;13.421831;https://www.alpinresorts.com/de/skiverleih/parameters/21;https://www.alpinresorts.com/de/skiverleih/oesterreich/salzburg/altenmarkt-im-pongau;https://www.alpinresorts.com/uploads/images/alpinshop/small/s/p/o/sport2000_91.jpg;https://www.alpinresorts.com/uploads/images/alpinshop/big/s/p/o/sport2000_91.jpg;0.17;2020-01-11
AT;Salzburg;30;"Altenmarkt Zauchensee im Pongau";21;"Sport 2000 Weitgasser";en;"Obere Marktstraße 5";47.378784;13.421831;https://www.alpinresorts.com/en/ski-rental/parameters/21;https://www.alpinresorts.com/en/ski-rental/austria/salzburg/altenmarkt-im-pongau;https://www.alpinresorts.com/uploads/images/alpinshop/small/s/p/o/sport2000_91.jpg;https://www.alpinresorts.com/uploads/images/alpinshop/big/s/p/o/sport2000_91.jpg;0.17;2020-01-11
AT;Salzbourg;30;"Altenmarkt Zauchensee im Pongau";21;"Sport 2000 Weitgasser";fr;"Obere Marktstraße 5";47.378784;13.421831;https://www.alpinresorts.com/fr/location-ski/parameters/21;https://www.alpinresorts.com/fr/location-ski/autriche/salzbourg/altenmarkt-im-pongau;https://www.alpinresorts.com/uploads/images/alpinshop/small/s/p/o/sport2000_91.jpg;https://www.alpinresorts.com/uploads/images/alpinshop/big/s/p/o/sport2000_91.jpg;0.17;2020-01-11
AT;Salisburghese;30;"Altenmarkt Zauchensee im Pongau";21;"Sport 2000 Weitgasser";it;"Obere Marktstraße 5";47.378784;13.421831;https://www.alpinresorts.com/it/noleggio-ski/parameters/21;https://www.alpinresorts.com/it/noleggio-ski/austria/salisburghese/altenmarkt-im-pongau;https://www.alpinresorts.com/uploads/images/alpinshop/small/s/p/o/sport2000_91.jpg;https://www.alpinresorts.com/uploads/images/alpinshop/big/s/p/o/sport2000_91.jpg;0.17;2020-01-11
AT;Salzburg;30;"Altenmarkt Zauchensee im Pongau";21;"Sport 2000 Weitgasser";nl;"Obere Marktstraße 5";47.378784;13.421831;https://www.alpinresorts.com/nl/skiverhuur/parameters/21;https://www.alpinresorts.com/nl/skiverhuur/oostenrijk/salzburg/altenmarkt-im-pongau;https://www.alpinresorts.com/uploads/images/alpinshop/small/s/p/o/sport2000_91.jpg;https://www.alpinresorts.com/uploads/images/alpinshop/big/s/p/o/sport2000_91.jpg;0.17;2020-01-11
AT;Salzburg;30;"Altenmarkt Zauchensee im Pongau";3146;"SportArt ";de;"Obere Marktstraße 58";47.381645;13.413737;https://www.alpinresorts.com/de/skiverleih/parameters/3146;https://www.alpinresorts.com/de/skiverleih/oesterreich/salzburg/altenmarkt-im-pongau;https://www.alpinresorts.com/uploads/images/alpinshop/small/3/5/f/35f1a9ab3eff0bead8bf4be3c5d36d5a78f70dcd.jpg;https://www.alpinresorts.com/uploads/images/alpinshop/big/3/5/f/35f1a9ab3eff0bead8bf4be3c5d36d5a78f70dcd.jpg;0.17;2020-01-11
AT;Salzburg;30;"Altenmarkt Zauchensee im Pongau";3146;"SportArt ";en;"Obere Marktstraße 58";47.381645;13.413737;https://www.alpinresorts.com/en/ski-rental/parameters/3146;https://www.alpinresorts.com/en/ski-rental/austria/salzburg/altenmarkt-im-pongau;https://www.alpinresorts.com/uploads/images/alpinshop/small/3/5/f/35f1a9ab3eff0bead8bf4be3c5d36d5a78f70dcd.jpg;https://www.alpinresorts.com/uploads/images/alpinshop/big/3/5/f/35f1a9ab3eff0bead8bf4be3c5d36d5a78f70dcd.jpg;0.17;2020-01-11
AT;Salzbourg;30;"Altenmarkt Zauchensee im Pongau";3146;"SportArt ";fr;"Obere Marktstraße 58";47.381645;13.413737;https://www.alpinresorts.com/fr/location-ski/parameters/3146;https://www.alpinresorts.com/fr/location-ski/autriche/salzbourg/altenmarkt-im-pongau;https://www.alpinresorts.com/uploads/images/alpinshop/small/3/5/f/35f1a9ab3eff0bead8bf4be3c5d36d5a78f70dcd.jpg;https://www.alpinresorts.com/uploads/images/alpinshop/big/3/5/f/35f1a9ab3eff0bead8bf4be3c5d36d5a78f70dcd.jpg;0.17;2020-01-11
AT;Salisburghese;30;"Altenmarkt Zauchensee im Pongau";3146;"SportArt ";it;"Obere Marktstraße 58";47.381645;13.413737;https://www.alpinresorts.com/it/noleggio-ski/parameters/3146;https://www.alpinresorts.com/it/noleggio-ski/austria/salisburghese/altenmarkt-im-pongau;https://www.alpinresorts.com/uploads/images/alpinshop/small/3/5/f/35f1a9ab3eff0bead8bf4be3c5d36d5a78f70dcd.jpg;https://www.alpinresorts.com/uploads/images/alpinshop/big/3/5/f/35f1a9ab3eff0bead8bf4be3c5d36d5a78f70dcd.jpg;0.17;2020-01-11
AT;Salzburg;30;"Altenmarkt Zauchensee im Pongau";3146;"SportArt ";nl;"Obere Marktstraße 58";47.381645;13.413737;https://www.alpinresorts.com/nl/skiverhuur/parameters/3146;https://www.alpinresorts.com/nl/skiverhuur/oostenrijk/salzburg/altenmarkt-im-pongau;https://www.alpinresorts.com/uploads/images/alpinshop/small/3/5/f/35f1a9ab3eff0bead8bf4be3c5d36d5a78f70dcd.jpg;https://www.alpinresorts.com/uploads/images/alpinshop/big/3/5/f/35f1a9ab3eff0bead8bf4be3c5d36d5a78f70dcd.jpg;0.17;2020-01-11
AT;Salzburg;898;Annaberg-Lungötz;3609;"Hervis Altenmarkt";de;"Materialzustellung in das Hotel";47.495949;13.454880;https://www.alpinresorts.com/de/skiverleih/parameters/3609;https://www.alpinresorts.com/de/skiverleih/oesterreich/salzburg/annaberg-lungoetz;;;0.48;2020-01-11
AT;Salzburg;898;Annaberg-Lungötz;3609;"Hervis Altenmarkt";en;"Material delivery to the accommodation";47.495949;13.454880;https://www.alpinresorts.com/en/ski-rental/parameters/3609;https://www.alpinresorts.com/en/ski-rental/austria/salzburg/annaberg-lungoetz;;;0.48;2020-01-11
AT;Salzbourg;898;Annaberg-Lungötz;3609;"Hervis Altenmarkt";fr;"La livraison de matériaux à votre hébergement";47.495949;13.454880;https://www.alpinresorts.com/fr/location-ski/parameters/3609;https://www.alpinresorts.com/fr/location-ski/autriche/salzbourg/annaberg-lungoetz;;;0.48;2020-01-11
AT;Salisburghese;898;Annaberg-Lungötz;3609;"Hervis Altenmarkt";it;"La consegna dei materiali al vostro alloggio";47.495949;13.454880;https://www.alpinresorts.com/it/noleggio-ski/parameters/3609;https://www.alpinresorts.com/it/noleggio-ski/austria/salisburghese/annaberg-lungoetz;;;0.48;2020-01-11
AT;Salzburg;898;Annaberg-Lungötz;3609;"Hervis Altenmarkt";nl;"Material delivery to the accommodation";47.495949;13.454880;https://www.alpinresorts.com/nl/skiverhuur/parameters/3609;https://www.alpinresorts.com/nl/skiverhuur/oostenrijk/salzburg/annaberg-lungoetz;;;0.48;2020-01-11
